StartDate,EndDate,Status,Progress,Duration,Finished,RecordedDate,ResponseId,DistributionChannel,UserLanguage,Consent,Gender,Age,Ethnicity,Sexuality,Victim_known,False_acc_known,Verdict,Likert_verdict,Confidence,Sentence,Credibility,Responsibility,Empathy,SA1,SA2,SA3,SA4,SA5,SA6,MT1,MT2,MT3,F1,MT4,MT5,MT6,NR1,NR2,NR3,NR4,NR5,F2,LI1,LI2,LI3,LI4,LI5,LI6
14/07/2020 08:02,14/07/2020 08:10,0,100,504,1,14/07/2020 08:10,R_2VdU7URcyAwHo9P,anonymous,EN,1,2,24,1,1,2,1,1,7,100,2,7,1,5,1,1,1,1,6,2,7,4,5,7,1,1,1,1,1,1,1,1,7,1,1,1,1,1,1
14/07/2020 08:12,14/07/2020 08:21,0,100,550,1,14/07/2020 08:21,R_2WYUDKZUTGsGjSg,anonymous,EN,1,2,23,1,1,1,1,0,4,49,1,4,4,3,1,1,1,1,1,5,1,1,1,7,1,1,1,1,1,1,1,1,7,1,1,1,1,1,1
14/07/2020 08:18,14/07/2020 08:29,0,100,643,1,14/07/2020 08:29,R_1HoEXrld4eGIFbr,anonymous,EN,1,1,25,1,3,2,0,1,7,100,3,7,1,5,1,1,1,1,1,2,1,1,1,7,1,1,1,1,1,1,1,1,7,1,1,1,1,1,1
14/07/2020 08:14,14/07/2020 08:35,0,100,1249,1,14/07/2020 08:35,R_3qg7yRGpWTSJmXq,anonymous,EN,1,2,24,14,1,2,1,1,7,79,10,7,7,5,1,1,1,1,1,5,1,4,2,7,4,2,2,1,1,1,1,6,7,4,5,5,2,4,1
14/07/2020 08:45,14/07/2020 08:56,0,100,660,1,14/07/2020 08:56,R_1qaYEoWZfUSIW8M,anonymous,EN,1,2,22,1,1,2,1,1,7,75,5,7,4,5,1,1,1,1,1,4,3,2,2,7,4,1,1,1,1,1,1,2,7,2,2,1,1,2,1
14/07/2020 08:47,14/07/2020 09:06,0,100,1106,1,14/07/2020 09:06,R_2t4pEEJgVP2hofg,anonymous,EN,1,1,55,1,1,1,1,0,3,100,0,5,6,2,5,3,3,6,5,5,1,2,1,7,5,1,6,6,5,1,1,2,7,6,6,5,3,5,3
14/07/2020 09:50,14/07/2020 09:57,0,100,427,1,14/07/2020 09:57,R_3GDpgO48i3QhvTK,anonymous,EN,1,1,23,1,1,2,2,1,6,80,5,6,5,4,2,1,1,1,2,5,2,3,1,7,3,4,5,1,1,1,1,2,7,3,5,4,3,4,2
14/07/2020 10:19,14/07/2020 10:31,0,100,701,1,14/07/2020 10:31,R_1jDOVnr6UfCaZHB,anonymous,EN,1,2,26,1,1,2,2,1,2,92,7,6,2,5,1,1,1,1,2,1,2,2,1,7,2,2,1,1,1,1,1,1,4,1,1,1,1,1,1
14/07/2020 10:04,14/07/2020 11:53,0,100,6536,1,14/07/2020 11:53,R_27U5Hi0rHr9Qa0d,anonymous,EN,1,2,24,1,1,2,1,1,6,70,10,7,1,5,1,1,1,2,1,5,2,1,1,7,1,1,1,1,1,1,1,1,7,1,1,1,1,2,1
15/07/2020 00:44,15/07/2020 00:58,0,100,824,1,15/07/2020 00:58,R_3e4XIOmtcFyO6uJ,anonymous,EN,1,2,26,1,1,1,1,0,5,50,0,5,4,3,1,1,1,3,3,5,4,4,2,5,1,1,1,1,1,1,1,3,7,2,3,2,1,5,1
15/07/2020 04:51,15/07/2020 05:26,0,100,2090,1,15/07/2020 05:26,R_1l0pPBWJnvU5nl5,anonymous,EN,1,2,30,1,1,1,1,1,5,32,2,5,5,3,5,3,1,3,2,3,2,1,1,7,1,1,2,1,1,1,1,1,7,2,2,2,2,2,1
15/07/2020 07:28,15/07/2020 07:37,0,100,590,1,15/07/2020 07:37,R_3e83rxIUBxJOSUs,anonymous,EN,1,2,35,1,1,2,1,0,5,25,0,6,1,5,1,1,1,1,1,5,1,2,1,7,1,1,1,1,1,1,1,1,6,4,1,1,1,1,1
15/07/2020 12:49,15/07/2020 12:56,0,100,430,1,15/07/2020 12:56,R_246Is7IDnidh5WW,anonymous,EN,1,2,23,1,1,2,1,1,6,80,4,6,1,4,1,1,1,1,1,1,4,1,1,7,1,1,1,1,1,1,1,1,7,1,1,1,1,1,1
15/07/2020 13:30,15/07/2020 13:43,0,100,835,1,15/07/2020 13:43,R_9AZckg8EFBZTs9r,anonymous,EN,1,2,31,1,2,2,1,1,7,70,2,6,2,4,2,1,1,1,2,3,1,2,1,7,1,2,2,1,1,1,1,3,7,2,1,1,1,2,1
15/07/2020 13:49,15/07/2020 13:53,0,100,219,1,15/07/2020 13:53,R_pAXO0ymtmvFwZjP,anonymous,EN,1,2,23,1,1,1,1,1,6,78,6,6,3,3,2,2,1,2,3,3,2,2,3,6,2,3,2,2,2,2,1,1,7,2,2,2,2,2,2
15/07/2020 13:55,15/07/2020 14:15,0,100,1186,1,15/07/2020 14:15,R_3iRwxW3qAfB2bqt,anonymous,EN,1,1,35,13,1,2,1,1,6,79,3,6,5,4,1,1,3,5,1,1,7,1,1,7,5,1,1,1,1,1,1,1,7,4,3,2,1,4,4
15/07/2020 14:14,15/07/2020 14:28,0,100,840,1,15/07/2020 14:28,R_PRLg7X4BMS0aIOR,anonymous,EN,1,2,40,14,1,2,1,0,5,50,1,6,4,5,1,1,1,5,1,5,1,1,1,7,1,5,4,1,1,2,2,1,7,1,4,1,1,1,1
15/07/2020 14:26,15/07/2020 14:39,0,100,760,1,15/07/2020 14:39,R_9SqwARADKDctjpv,anonymous,EN,1,2,36,1,1,1,1,1,7,100,3,7,4,5,4,1,1,1,1,7,2,1,1,7,1,1,1,1,1,1,1,4,7,1,1,1,4,1,1
15/07/2020 15:37,15/07/2020 15:44,0,100,397,1,15/07/2020 15:44,R_3HS5ggT5zZufhEq,anonymous,EN,1,2,27,1,1,2,1,1,6,80,4,6,6,4,1,1,1,1,1,4,4,2,2,7,1,1,1,1,2,1,1,4,7,4,1,3,1,1,3
15/07/2020 17:47,15/07/2020 17:59,0,100,754,1,15/07/2020 17:59,R_SNJmNZhcpt5qGM9,anonymous,EN,1,2,23,1,1,2,2,0,7,100,5,7,4,5,5,3,1,6,5,5,6,4,3,7,6,4,4,1,1,1,1,1,7,1,1,2,1,4,1
16/07/2020 04:03,16/07/2020 04:29,0,100,1554,1,16/07/2020 04:29,R_3r1hPu1mhIUk7Hy,anonymous,EN,1,1,42,1,1,1,1,1,6,95,1,7,2,4,1,1,1,1,1,2,5,2,3,7,1,1,1,1,1,1,1,1,7,1,1,1,1,1,1
16/07/2020 05:42,16/07/2020 06:01,0,100,1124,1,16/07/2020 06:01,R_aWrrOMUc6zMjB5v,anonymous,EN,1,2,25,1,1,1,1,1,7,85,3,7,2,4,1,1,1,4,2,4,1,3,1,7,1,1,2,1,1,1,1,2,6,1,1,1,1,1,1
17/07/2020 06:25,17/07/2020 06:33,0,100,444,1,17/07/2020 06:33,R_1da9vX51Q5rF9mA,anonymous,EN,1,2,23,13,2,2,1,1,7,95,5,7,2,5,1,1,1,1,1,1,1,1,1,7,1,1,1,1,1,1,1,1,7,1,1,1,1,1,1
17/07/2020 06:04,17/07/2020 06:45,0,100,2469,1,17/07/2020 06:45,R_3EWulaADfgWyqCS,anonymous,EN,1,1,26,1,1,2,1,1,7,90,2,6,6,5,1,5,1,7,6,3,1,6,1,7,2,1,3,1,1,1,1,1,6,6,2,2,1,7,1
17/07/2020 06:37,17/07/2020 06:48,0,100,661,1,17/07/2020 06:48,R_2wt50uh8D4WHCwK,anonymous,EN,1,1,33,1,1,2,2,0,6,60,0,6,4,4,1,1,1,1,4,5,7,1,1,5,2,5,1,1,1,1,1,1,7,5,5,3,1,7,1
17/07/2020 07:09,17/07/2020 07:18,0,100,503,1,17/07/2020 07:18,R_1LDOvIugl7fCh0d,anonymous,EN,1,2,26,1,1,2,1,1,6,90,7,7,1,5,1,1,1,1,1,1,1,1,1,7,2,1,1,1,1,1,1,1,7,1,1,1,1,1,1
17/07/2020 07:17,17/07/2020 07:23,0,100,364,1,17/07/2020 07:23,R_0JVD8liLwN2wKdj,anonymous,EN,1,2,38,1,1,2,1,1,7,90,4,7,1,4,1,1,1,1,1,1,3,2,1,7,1,1,2,1,1,1,1,1,7,2,2,1,1,2,1
17/07/2020 07:50,17/07/2020 08:04,0,100,860,1,17/07/2020 08:04,R_sSTSwpco9p3mZk5,anonymous,EN,1,2,24,13,2,2,1,1,6,64,1,6,1,4,1,1,1,1,1,1,6,7,5,7,1,1,1,1,1,1,1,1,7,1,1,1,1,1,1
17/07/2020 07:47,17/07/2020 08:08,0,100,1232,1,17/07/2020 08:08,R_1MPSTNGyXnMKQbj,anonymous,EN,1,2,40,1,1,1,1,0,5,70,0,6,1,4,1,1,1,1,3,3,1,2,1,7,3,1,1,1,1,1,1,1,7,1,1,1,1,1,1
17/07/2020 08:29,17/07/2020 08:38,0,100,517,1,17/07/2020 08:38,R_2Vx8lhBnzC19j8m,anonymous,EN,1,2,30,1,3,3,1,1,7,80,5,7,2,5,1,1,1,1,2,4,2,2,4,7,6,1,1,1,1,1,1,1,7,1,1,1,1,1,1
17/07/2020 08:34,17/07/2020 08:44,0,100,629,1,17/07/2020 08:44,R_3L4RlVIbJ1ueNMd,anonymous,EN,1,1,22,1,3,3,1,1,7,92,7,6,1,5,1,1,1,1,2,2,1,1,2,7,6,1,1,1,1,1,1,1,7,1,1,1,1,1,1
17/07/2020 09:17,17/07/2020 09:28,0,100,623,1,17/07/2020 09:28,R_2woex8d1t7qGtbY,anonymous,EN,1,1,28,1,1,1,1,0,6,48,4,5,3,4,2,1,1,1,2,1,1,3,1,6,2,2,1,1,1,1,1,2,7,1,2,1,1,2,1
17/07/2020 09:58,17/07/2020 10:05,0,100,418,1,17/07/2020 10:05,R_30uZ1ZZNjbduzU8,anonymous,EN,1,1,39,1,1,1,1,1,6,70,0,7,2,5,3,1,2,2,3,5,5,5,3,6,3,1,1,1,1,1,1,2,5,2,2,2,2,5,2
17/07/2020 09:49,17/07/2020 10:06,0,100,981,1,17/07/2020 10:06,R_20OSQOpkbEFMzak,anonymous,EN,1,2,24,1,1,2,1,0,5,37,0,4,1,3,1,1,1,2,1,5,2,3,2,7,4,4,5,1,1,1,1,1,7,3,2,2,1,2,1
17/07/2020 10:19,17/07/2020 10:26,0,100,416,1,17/07/2020 10:26,R_1Eg2zOtBSdWfD6z,anonymous,EN,1,2,32,5,1,1,1,1,7,100,10,7,1,5,1,1,1,1,1,1,2,2,1,7,2,1,1,1,1,1,1,2,1,2,2,1,1,2,1
17/07/2020 10:53,17/07/2020 10:58,0,100,251,1,17/07/2020 10:58,R_yBBHFlAPMU9CrcZ,anonymous,EN,1,2,39,14,1,1,1,1,7,100,6,7,1,5,1,1,1,1,1,1,1,1,1,7,1,1,1,1,1,1,1,1,7,1,1,1,1,1,1
17/07/2020 11:26,17/07/2020 11:43,0,100,992,1,17/07/2020 11:43,R_DIbbD35MqECz1Ul,anonymous,EN,1,2,19,5,1,1,1,1,7,100,5,7,5,4,1,3,1,3,4,2,1,1,1,7,1,1,1,2,1,3,1,7,7,2,1,1,1,1,1
17/07/2020 11:37,17/07/2020 11:45,0,100,478,1,17/07/2020 11:45,R_87I2IdrXawctRYZ,anonymous,EN,1,2,22,1,1,3,1,1,7,91,10,7,4,5,1,1,1,1,2,3,5,5,5,7,5,1,1,1,1,1,1,1,7,1,1,1,1,1,1
17/07/2020 11:47,17/07/2020 11:52,0,100,308,1,17/07/2020 11:52,R_3fUEyBnMLCbZKS6,anonymous,EN,1,2,27,1,2,3,1,0,7,51,2,5,2,3,1,2,1,2,2,5,1,1,1,7,1,1,1,1,1,1,1,1,7,1,1,1,1,1,1
17/07/2020 11:15,17/07/2020 11:53,0,100,2255,1,17/07/2020 11:53,R_33vg7LJSbbu082O,anonymous,EN,1,1,26,1,1,1,1,1,6,79,5,6,2,5,1,1,1,1,1,2,4,4,5,7,3,1,1,1,1,1,1,2,7,2,2,2,1,1,1
17/07/2020 12:48,17/07/2020 12:54,0,100,354,1,17/07/2020 12:54,R_7Wi4OxJUxC6y3Yd,anonymous,EN,1,2,26,1,1,2,1,1,7,90,3,6,1,5,1,1,1,1,1,1,5,5,1,7,5,1,1,1,1,1,1,1,6,1,1,1,1,2,1
17/07/2020 13:21,17/07/2020 13:39,0,100,1122,1,17/07/2020 13:39,R_1Ca2FP0RKvP2S3r,anonymous,EN,1,2,24,2,1,1,1,1,5,62,4,6,1,4,1,1,1,1,1,1,4,3,4,5,4,6,6,1,1,1,1,2,5,2,2,1,1,3,1
17/07/2020 13:52,17/07/2020 14:07,0,100,899,1,17/07/2020 14:07,R_OQma7BH0wHSLW8h,anonymous,EN,1,2,30,1,1,2,1,0,5,59,0,7,1,2,1,1,1,1,2,1,2,2,2,7,1,2,1,1,1,1,1,1,7,1,1,1,1,1,1
17/07/2020 13:56,17/07/2020 14:11,0,100,881,1,17/07/2020 14:11,R_SV4Sw7DiNGMFX7r,anonymous,EN,1,1,38,1,1,2,1,0,7,79,0,7,1,5,1,1,1,1,1,1,3,5,1,7,1,1,1,1,1,1,1,1,7,1,1,1,1,4,1
17/07/2020 15:16,17/07/2020 15:26,0,100,561,1,17/07/2020 15:26,R_22WYJXKWyRw6cI2,anonymous,EN,1,2,33,1,1,1,1,0,7,3,3,6,1,5,1,1,1,1,1,2,1,1,1,7,3,1,1,1,1,1,1,1,7,1,2,1,1,1,1
17/07/2020 15:35,17/07/2020 15:47,0,100,711,1,17/07/2020 15:47,R_2E4bhxueNIneXdr,anonymous,EN,1,1,18,1,3,1,1,0,5,60,1,5,2,4,2,1,1,1,4,5,4,2,4,6,5,4,2,2,1,1,1,5,7,4,5,4,2,4,1
17/07/2020 17:12,17/07/2020 17:26,0,100,837,1,17/07/2020 17:26,R_3k01BBqYDUwZRFx,anonymous,EN,1,2,42,1,2,2,1,0,7,81,5,6,1,5,1,1,1,1,1,2,1,1,1,7,2,1,2,1,1,1,1,1,7,1,1,1,1,2,1
17/07/2020 20:12,17/07/2020 20:21,0,100,536,1,17/07/2020 20:21,R_2yqGiznV9G4femF,anonymous,EN,1,2,41,1,1,2,1,1,6,70,4,7,1,4,1,1,1,1,1,5,1,1,1,7,1,1,1,1,1,1,1,2,7,5,5,5,2,6,1
18/07/2020 00:10,18/07/2020 00:20,0,100,653,1,18/07/2020 00:20,R_Y0r1mEVh0NytvKV,anonymous,EN,1,2,33,1,1,3,1,1,7,97,5,7,1,5,1,1,1,1,1,1,4,1,1,7,1,1,1,1,1,1,1,1,7,1,1,1,1,1,1
18/07/2020 04:47,18/07/2020 04:54,0,100,392,1,18/07/2020 04:54,R_3nr5rw2f7jagdx5,anonymous,EN,1,1,40,1,1,2,1,0,7,91,0,7,1,5,1,1,1,1,4,1,2,6,1,7,2,1,1,1,1,1,1,1,7,1,1,1,1,1,1
18/07/2020 07:24,18/07/2020 07:37,0,100,751,1,18/07/2020 07:37,R_21aHM6LSm1PdBGK,anonymous,EN,1,2,36,1,1,2,1,1,6,97,5,6,1,4,1,1,1,1,1,1,1,1,1,7,1,1,1,1,1,1,1,1,7,1,1,1,1,1,1
18/07/2020 08:41,18/07/2020 08:53,0,100,688,1,18/07/2020 08:53,R_eOJGOWTBcm3TZdv,anonymous,EN,1,1,42,1,1,1,1,0,2,71,0,3,5,3,5,1,1,5,3,7,6,4,7,7,1,1,1,6,2,3,1,5,7,3,3,3,3,5,3
18/07/2020 08:05,18/07/2020 10:13,0,100,7686,1,18/07/2020 10:13,R_2RPIRXUrgpxRnX3,anonymous,EN,1,2,44,1,1,2,1,1,6,84,4,6,4,2,6,1,1,4,1,2,1,4,1,7,4,1,1,1,1,1,1,4,7,4,4,4,4,5,1
18/07/2020 14:47,18/07/2020 15:24,0,100,2226,1,18/07/2020 15:24,R_RPKA41BI5W241CV,anonymous,EN,1,2,25,1,1,3,1,1,6,60,2,6,1,3,1,1,1,1,1,5,6,3,2,7,1,1,2,1,1,2,1,2,7,1,2,1,1,1,1
19/07/2020 02:37,19/07/2020 02:50,0,100,731,1,19/07/2020 02:50,R_31g6ujNb0cWcFh3,anonymous,EN,1,2,24,1,2,3,1,1,7,90,4,6,1,5,1,1,1,1,2,2,2,3,1,7,3,1,1,1,1,1,1,1,7,1,1,1,1,1,1
19/07/2020 03:35,19/07/2020 03:44,0,100,588,1,19/07/2020 03:44,R_QazHfmb0daRBokh,anonymous,EN,1,2,54,1,1,2,1,1,7,80,3,7,2,4,1,1,1,1,1,1,3,1,1,7,1,1,1,1,1,1,1,2,7,1,1,1,1,1,1
19/07/2020 06:32,19/07/2020 06:41,0,100,555,1,19/07/2020 06:41,R_3kmNsQ3agnKXFvz,anonymous,EN,1,2,36,1,1,2,1,1,6,50,2,6,4,4,1,1,1,1,1,1,1,2,1,7,1,1,1,1,1,1,1,1,7,1,5,2,1,1,1
19/07/2020 06:58,19/07/2020 07:04,0,100,380,1,19/07/2020 07:04,R_XUlHdbEMadyWcp3,anonymous,EN,1,1,35,1,1,1,1,0,2,80,0,6,4,4,1,2,1,1,1,2,1,1,1,5,4,3,2,1,1,1,1,1,5,2,1,1,1,4,1
19/07/2020 06:52,19/07/2020 07:08,0,100,963,1,19/07/2020 07:08,R_snBUWNwRYMzEUlb,anonymous,EN,1,2,51,1,1,3,1,1,6,91,6,6,1,5,1,1,1,5,1,5,2,4,4,7,1,1,1,1,1,1,1,1,7,1,1,2,1,2,1
19/07/2020 09:18,19/07/2020 09:26,0,100,484,1,19/07/2020 09:26,R_1rizHwAD8Tj3SsO,anonymous,EN,1,2,21,1,1,2,1,0,6,40,8,6,1,5,1,1,1,1,1,1,2,1,1,7,1,1,1,1,1,1,1,1,7,1,1,1,1,1,1
19/07/2020 14:46,19/07/2020 14:52,0,100,385,1,19/07/2020 14:52,R_1Cdp38ljOaSU4mV,anonymous,EN,1,2,34,1,1,1,1,0,5,60,0,6,2,4,2,1,1,1,2,3,3,2,2,6,1,1,1,1,1,1,1,2,7,1,1,1,1,2,1
20/07/2020 03:29,20/07/2020 03:42,0,100,784,1,20/07/2020 03:42,R_2YzgG8CasSE9ft9,anonymous,EN,1,1,37,1,3,1,1,0,2,75,0,6,4,5,1,1,1,1,5,5,2,4,1,5,2,1,2,2,1,1,1,5,6,3,3,3,2,2,2
20/07/2020 03:52,20/07/2020 03:57,0,100,276,1,20/07/2020 03:57,R_Y6tFMRnEhq0pcJz,anonymous,EN,1,1,25,1,1,1,1,1,6,82,6,6,2,4,2,1,1,1,1,1,5,3,2,6,4,3,3,2,2,2,2,3,7,3,4,3,2,3,3
20/07/2020 05:30,20/07/2020 05:46,0,100,984,1,20/07/2020 05:46,R_1o20HaYELbGFky4,anonymous,EN,1,1,,1,2,1,1,0,5,46,0,5,2,4,2,1,1,4,3,4,1,2,2,7,3,2,2,1,1,1,1,5,7,3,4,3,4,5,4
20/07/2020 06:02,20/07/2020 06:08,0,100,319,1,20/07/2020 06:08,R_2VyTS0o7DmkLYRg,anonymous,EN,1,2,34,1,3,2,1,0,7,0,0,7,1,4,1,1,1,1,1,2,1,1,1,7,2,1,2,1,1,1,1,1,7,1,1,1,1,1,1
20/07/2020 06:54,20/07/2020 07:11,0,100,1002,1,20/07/2020 07:11,R_1gOrvJAVrfm0ib1,anonymous,EN,1,1,26,1,1,2,1,0,5,50,2,5,5,2,1,1,1,5,5,3,2,1,1,7,5,2,5,1,1,1,1,6,7,1,1,1,1,2,1
20/07/2020 10:49,20/07/2020 10:56,0,100,418,1,20/07/2020 10:56,R_1LvUYqT0w2N7JEi,anonymous,EN,1,1,22,1,1,1,1,1,6,75,4,7,2,4,2,1,1,3,1,3,7,3,4,4,5,2,3,1,3,4,1,1,7,4,5,5,3,4,6
20/07/2020 12:34,20/07/2020 12:36,0,100,103,1,20/07/2020 12:36,R_4Vr2DQpWXUNIP0R,anonymous,EN,1,2,25,4,1,1,1,1,5,52,5,6,5,3,1,1,1,1,1,1,1,1,1,1,1,1,1,1,1,1,1,1,1,1,1,1,1,1,1
20/07/2020 12:41,20/07/2020 13:01,0,100,1228,1,20/07/2020 13:01,R_2EbE74dQsK48Med,anonymous,EN,1,2,27,1,1,2,1,0,4,51,0,4,4,4,1,1,1,1,1,2,1,3,1,7,4,5,2,1,1,1,1,1,7,2,2,2,1,2,1
20/07/2020 13:54,20/07/2020 14:01,0,100,452,1,20/07/2020 14:01,R_8hKofcLPEM5xC4p,anonymous,EN,1,2,25,1,1,2,1,1,4,73,7,7,1,4,1,1,1,1,1,5,3,1,4,6,4,1,1,1,1,1,1,1,7,2,1,1,1,1,1
20/07/2020 14:05,20/07/2020 14:14,0,100,531,1,20/07/2020 14:14,R_3Pcs6G66eiXKRUp,anonymous,EN,1,1,23,1,1,2,1,1,5,5,4,6,3,4,1,1,2,3,2,4,4,4,4,5,3,2,3,1,1,1,1,2,6,4,3,4,2,4,1
20/07/2020 14:14,20/07/2020 14:17,0,100,158,1,20/07/2020 14:17,R_1OUNq4SK3ABic4E,anonymous,EN,1,3,56,11,4,1,1,0,2,69,0,2,6,3,4,3,5,4,3,2,2,3,3,3,4,5,6,4,1,4,3,4,3,1,5,4,4,3,3
21/07/2020 01:44,21/07/2020 01:53,0,100,551,1,21/07/2020 01:53,R_3h4j1x8XSJkhxK3,anonymous,EN,1,2,46,1,1,3,1,1,7,100,10,7,1,5,1,1,1,1,1,1,1,1,1,7,1,1,1,1,1,1,1,1,7,1,1,1,1,1,1
21/07/2020 03:36,21/07/2020 03:49,0,100,796,1,21/07/2020 03:49,R_3dMpVVb7vUhNgdy,anonymous,EN,1,2,31,1,2,2,1,1,6,75,3,6,2,3,1,1,1,2,3,1,2,1,1,7,1,1,1,1,1,1,1,1,6,3,5,1,1,5,1
21/07/2020 07:07,21/07/2020 07:15,0,100,489,1,21/07/2020 07:15,R_2YqO2xZD19qd2yY,anonymous,EN,1,1,30,1,1,2,2,0,6,14,7,7,1,5,1,1,1,1,1,1,5,1,1,6,1,1,1,1,1,1,1,1,7,1,1,1,1,4,1
21/07/2020 07:50,21/07/2020 08:05,0,100,862,1,21/07/2020 08:05,R_3suiFgVuCx7VAiG,anonymous,EN,1,1,26,1,1,1,1,0,3,63,0,6,6,2,5,4,4,5,5,4,2,5,1,6,3,3,2,2,3,3,1,3,7,5,5,5,2,5,2
21/07/2020 07:59,21/07/2020 08:11,0,100,703,1,21/07/2020 08:11,R_3PifDncm2b9xF4R,anonymous,EN,1,2,39,1,1,1,1,1,6,71,2,6,4,3,5,5,5,5,1,1,1,1,2,7,2,1,2,7,1,1,1,1,6,4,4,2,1,4,1
14/07/2020 08:17,14/07/2020 08:20,0,61,136,0,21/07/2020 08:20,R_1l6vA766vTmGuRa,anonymous,EN,1,2,29,1,1,2,1,,,,,,,,,,,,,,,,,,,,,,,,,,,,,,,,
14/07/2020 09:14,14/07/2020 09:16,0,43,138,0,21/07/2020 09:17,R_r2ZoSijbfi5qjnj,anonymous,EN,1,1,26,1,1,2,1,,,,,,,,,,,,,,,,,,,,,,,,,,,,,,,,
14/07/2020 09:28,14/07/2020 09:28,0,43,47,0,21/07/2020 09:29,R_2arTkS6WEDsnC8A,anonymous,EN,1,2,24,1,1,1,1,,,,,,,,,,,,,,,,,,,,,,,,,,,,,,,,
14/07/2020 10:10,14/07/2020 10:11,0,61,66,0,21/07/2020 10:11,R_1dn1jUr8p1NIcsR,anonymous,EN,1,2,30,1,1,2,1,,,,,,,,,,,,,,,,,,,,,,,,,,,,,,,,
14/07/2020 13:10,14/07/2020 13:11,0,61,65,0,21/07/2020 13:11,R_12J8iFsJqyOBrOg,anonymous,EN,1,2,26,1,1,2,1,,,,,,,,,,,,,,,,,,,,,,,,,,,,,,,,
14/07/2020 13:32,14/07/2020 13:36,0,61,192,0,21/07/2020 13:36,R_24N1MWodqE21VTY,anonymous,EN,1,2,68,14,1,2,2,,,,,,,,,,,,,,,,,,,,,,,,,,,,,,,,
21/07/2020 13:56,21/07/2020 14:02,0,100,356,1,21/07/2020 14:02,R_ZLdXqEFuAoZ9UgF,anonymous,EN,1,2,24,1,1,1,1,0,3,49,0,3,6,2,6,6,6,6,6,7,2,2,2,6,4,4,7,6,6,1,1,7,6,7,7,7,5,6,7
14/07/2020 14:05,14/07/2020 14:08,0,91,214,0,21/07/2020 14:08,R_33wKgtf07oGv4rR,anonymous,EN,1,5,73,2,4,3,3,1,7,100,10,4,2,3,,,,,,,,,,,,,,,,,,,,,,,,,
14/07/2020 14:06,14/07/2020 14:09,0,61,143,0,21/07/2020 14:09,R_sd2wr3PQ26cjOjD,anonymous,EN,1,5,22,13,5,3,0,,,,,,,,,,,,,,,,,,,,,,,,,,,,,,,,
14/07/2020 14:11,14/07/2020 14:34,0,91,1404,0,21/07/2020 14:34,R_sR0IWzKEJw5VHB7,anonymous,EN,1,5,24,1,5,3,0,0,2,100,0,6,6,2,,,,,,,,,,,,,,,,,,,,,,,,,
21/07/2020 15:20,21/07/2020 15:24,0,100,193,1,21/07/2020 15:24,R_3NwgXrFJmIauXl5,anonymous,EN,1,1,24,13,1,1,1,0,4,34,1,4,4,3,3,2,1,1,1,1,1,1,1,5,1,1,1,1,2,1,1,1,5,5,2,3,1,1,1
21/07/2020 15:12,21/07/2020 15:28,0,100,991,1,21/07/2020 15:28,R_PuOMc4eGKNxTIt3,anonymous,EN,1,2,24,1,1,1,1,1,6,85,0,5,6,4,1,1,1,1,4,1,1,1,1,7,1,1,1,1,1,1,1,1,7,5,4,5,3,4,1
21/07/2020 16:16,21/07/2020 16:19,0,100,164,1,21/07/2020 16:19,R_2CkPOy1pWmvW66h,anonymous,EN,1,2,29,1,1,1,1,1,6,80,6,6,1,4,1,1,1,1,1,3,1,1,1,7,1,1,1,1,1,1,1,1,6,2,4,3,1,3,1
14/07/2020 16:43,14/07/2020 16:45,0,61,77,0,21/07/2020 16:45,R_2ZTWhymSy0YPHgs,anonymous,EN,1,2,26,1,1,1,1,,,,,,,,,,,,,,,,,,,,,,,,,,,,,,,,
14/07/2020 20:05,14/07/2020 20:07,0,43,127,0,21/07/2020 20:07,R_3fUCS6KRevPTVZe,anonymous,EN,1,2,26,1,2,2,1,,,,,,,,,,,,,,,,,,,,,,,,,,,,,,,,
15/07/2020 02:06,15/07/2020 03:01,0,61,3313,0,22/07/2020 03:01,R_3rINiRiaxTjSePw,anonymous,EN,1,1,55,1,3,2,1,,,,,,,,,,,,,,,,,,,,,,,,,,,,,,,,
22/07/2020 04:22,22/07/2020 04:34,0,100,726,1,22/07/2020 04:34,R_3khx46SqgiFrGst,anonymous,EN,1,2,24,1,1,1,2,1,5,80,5,3,4,4,1,1,1,3,4,3,6,1,3,7,3,1,1,2,1,1,1,2,7,3,2,3,1,5,1
22/07/2020 05:06,22/07/2020 05:13,0,100,399,1,22/07/2020 05:13,R_3prp7LOMULDXAFX,anonymous,EN,1,2,44,1,2,3,0,1,7,85,7,7,1,3,1,1,1,1,1,1,1,1,1,7,1,1,1,1,1,1,1,1,7,1,1,1,1,2,1
22/07/2020 07:27,22/07/2020 07:58,0,100,1891,1,22/07/2020 07:58,R_1i4fJrHfzBruiYE,anonymous,EN,1,1,19,1,1,1,1,0,6,55,0,5,5,3,1,1,1,1,6,6,1,1,1,7,4,2,2,1,1,1,1,7,6,3,1,3,1,2,1
22/07/2020 08:44,22/07/2020 08:54,0,100,620,1,22/07/2020 08:55,R_Dpl8TjJ1IAeXOM1,anonymous,EN,1,2,23,1,3,2,1,1,7,100,10,7,1,5,1,1,1,1,1,1,4,1,1,7,5,1,1,1,1,1,1,1,7,1,1,1,1,1,1
22/07/2020 08:26,22/07/2020 09:23,0,100,3388,1,22/07/2020 09:23,R_Wro34kBlfS4K2S5,anonymous,EN,1,1,23,9,1,2,2,1,6,95,4,6,3,4,7,1,1,1,1,6,6,2,6,1,1,1,4,1,1,1,1,2,7,2,2,2,1,5,1
22/07/2020 11:12,22/07/2020 11:25,0,100,764,1,22/07/2020 11:25,R_DduBjORrJHV40aR,anonymous,EN,1,1,18,13,1,1,1,0,2,85,0,3,7,1,4,2,3,5,4,7,4,4,4,6,2,4,7,5,1,3,1,4,7,6,6,6,5,6,7
22/07/2020 12:02,22/07/2020 12:32,0,100,1774,1,22/07/2020 12:32,R_2U58Jl6iElxebXA,anonymous,EN,1,2,30,1,1,2,1,1,6,75,1,6,1,4,1,1,1,1,1,5,1,1,1,7,1,1,1,1,1,1,1,1,7,1,1,1,1,1,1
15/07/2020 13:09,15/07/2020 13:10,0,43,36,0,22/07/2020 13:10,R_1FewEk5w2kELcy5,anonymous,EN,1,2,28,1,2,2,1,,,,,,,,,,,,,,,,,,,,,,,,,,,,,,,,
15/07/2020 13:58,15/07/2020 13:59,0,61,62,0,22/07/2020 13:59,R_1M4cCyTp0N77Vvo,anonymous,EN,1,2,26,1,1,1,2,,,,,,,,,,,,,,,,,,,,,,,,,,,,,,,,
15/07/2020 14:54,15/07/2020 14:55,0,43,100,0,22/07/2020 14:56,R_1ovsTta6OM5HtfR,anonymous,EN,1,1,21,1,1,1,0,,,,,,,,,,,,,,,,,,,,,,,,,,,,,,,,
22/07/2020 14:59,22/07/2020 15:05,0,100,304,1,22/07/2020 15:05,R_DGcqc9nQPlqCnXX,anonymous,EN,1,1,,1,3,1,1,1,6,29,1,5,2,4,1,1,2,1,1,5,4,6,1,6,1,1,1,3,1,1,1,1,6,2,2,1,2,2,2
15/07/2020 16:32,15/07/2020 16:33,0,43,70,0,22/07/2020 16:34,R_3JF17SLkRontyfA,anonymous,EN,1,2,25,1,1,1,1,,,,,,,,,,,,,,,,,,,,,,,,,,,,,,,,
22/07/2020 16:35,22/07/2020 16:48,0,100,766,1,22/07/2020 16:48,R_ZKtzhUpZZKNFG01,anonymous,EN,1,2,27,1,1,2,1,0,4,68,0,4,5,3,1,1,1,2,2,1,3,3,3,6,2,1,2,1,1,2,1,2,7,5,5,5,3,3,1
23/07/2020 03:08,23/07/2020 03:19,0,100,637,1,23/07/2020 03:19,R_33pztxc9XqxXvLg,anonymous,EN,1,2,24,4,2,0,0,0,6,60,1,6,2,4,2,1,2,1,1,2,1,1,1,7,1,1,1,1,1,1,1,2,7,2,1,1,1,1,1
23/07/2020 06:11,23/07/2020 06:19,0,100,473,1,23/07/2020 06:19,R_10q2Xi0fFzvZTkQ,anonymous,EN,1,1,,1,1,2,1,0,7,60,0,7,4,4,2,1,1,1,1,1,5,2,1,7,1,1,2,1,1,1,1,3,7,2,2,1,1,2,1
23/07/2020 10:03,23/07/2020 10:12,0,100,522,1,23/07/2020 10:12,R_3iteEmaa95P45rY,anonymous,EN,1,2,18,1,1,1,1,1,5,70,5,5,3,3,1,1,1,1,1,1,3,3,2,7,5,3,2,1,1,1,1,1,7,5,5,3,3,5,1
23/07/2020 15:24,23/07/2020 15:40,0,100,961,1,23/07/2020 15:40,R_2zhImyV3q3bc81i,anonymous,EN,1,1,47,1,1,2,1,0,6,79,10,5,4,5,1,1,1,5,1,5,4,3,3,7,5,1,4,1,1,1,1,1,7,2,2,4,1,4,1
23/07/2020 16:05,23/07/2020 16:30,0,100,1542,1,23/07/2020 16:30,R_233uq0QGEKvQ72M,anonymous,EN,1,1,27,1,1,1,1,1,6,80,1,7,1,5,1,1,1,1,1,1,2,2,1,7,2,1,1,1,1,1,1,1,7,1,1,1,1,1,1
23/07/2020 18:33,23/07/2020 18:45,0,100,733,1,23/07/2020 18:45,R_2V3xM0GWwUkvvm6,anonymous,EN,1,2,18,4,1,1,1,1,6,70,1,6,6,4,2,1,1,4,1,5,5,3,3,6,2,1,1,1,1,1,1,4,6,4,2,4,1,4,2
23/07/2020 18:42,23/07/2020 19:00,0,100,1047,1,23/07/2020 19:00,R_2BsbPvYjw2acyfp,anonymous,EN,1,1,24,1,1,2,1,0,3,60,7,6,6,3,5,3,2,6,2,3,2,3,4,4,2,2,5,2,2,3,1,5,6,4,6,3,5,5,5
23/07/2020 20:42,23/07/2020 20:55,0,100,747,1,23/07/2020 20:55,R_1mUgvljcZZsi1h3,anonymous,EN,1,1,26,1,2,2,1,1,6,70,5,7,1,5,1,1,1,1,2,5,3,1,1,7,3,1,1,1,1,1,1,4,7,1,1,1,1,1,1
17/07/2020 07:06,17/07/2020 07:08,0,43,126,0,24/07/2020 07:09,R_CdbbG3AAYm3rLBD,anonymous,EN,1,2,30,1,3,2,1,,,,,,,,,,,,,,,,,,,,,,,,,,,,,,,,
17/07/2020 07:37,17/07/2020 07:45,0,96,490,0,24/07/2020 07:45,R_1CfjBA0AIAJ79XR,anonymous,EN,1,2,27,1,2,2,1,1,6,80,2,7,1,5,1,1,1,1,1,1,1,1,1,7,1,1,1,1,1,1,1,1,7,1,1,1,1,1,1
17/07/2020 09:55,17/07/2020 09:56,0,61,97,0,24/07/2020 09:56,R_yTKfpgk9rMkkkWR,anonymous,EN,1,1,36,5,,1,2,,,,,,,,,,,,,,,,,,,,,,,,,,,,,,,,
17/07/2020 10:00,17/07/2020 10:13,0,96,826,0,24/07/2020 10:14,R_1KeGH9PJCBlyeOX,anonymous,EN,1,2,34,1,1,2,1,1,7,98,8,7,1,2,1,1,1,1,1,1,2,2,2,7,4,1,1,1,1,1,1,1,7,1,1,1,1,1,1
17/07/2020 10:11,17/07/2020 10:14,0,96,189,0,24/07/2020 10:14,R_2uvoH8y91Q0UlLq,anonymous,EN,1,1,25,12,1,1,2,0,2,98,1,2,7,1,6,7,6,7,7,7,4,7,6,3,1,7,7,7,7,6,2,6,4,7,6,6,7,6,5
17/07/2020 10:08,17/07/2020 10:15,0,96,447,0,24/07/2020 10:16,R_298Glft2ci3s7hD,anonymous,EN,1,2,29,1,1,2,1,0,5,48,1,6,5,5,2,1,1,1,2,4,5,4,3,6,3,1,3,1,1,1,1,3,7,1,1,1,1,1,1
17/07/2020 10:40,17/07/2020 10:42,0,43,62,0,24/07/2020 10:42,R_3pmeBUv6omHPLsx,anonymous,EN,1,2,29,1,2,2,1,,,,,,,,,,,,,,,,,,,,,,,,,,,,,,,,
17/07/2020 10:41,17/07/2020 10:47,0,96,335,0,24/07/2020 10:47,R_OOUO1hoCJXb94S5,anonymous,EN,1,2,29,1,1,3,1,0,6,100,0,6,1,5,1,1,1,1,1,1,1,1,1,7,1,2,1,1,1,1,1,1,7,1,1,1,1,1,1
17/07/2020 11:39,17/07/2020 11:55,0,96,910,0,24/07/2020 11:55,R_2A0y4tGhwGbfHCF,anonymous,EN,1,2,22,1,2,2,1,0,7,5,0,6,2,5,1,1,1,2,1,1,1,1,1,7,2,1,1,1,1,1,1,2,7,1,2,1,1,1,1
17/07/2020 12:36,17/07/2020 12:37,0,43,55,0,24/07/2020 12:37,R_BLg51R8SzuwMmQ1,anonymous,EN,1,2,36,7,1,1,1,,,,,,,,,,,,,,,,,,,,,,,,,,,,,,,,
24/07/2020 13:35,24/07/2020 13:52,0,100,1025,1,24/07/2020 13:52,R_2ZD3K0jySgfBq0Q,anonymous,EN,1,1,24,1,1,1,1,1,5,20,1,6,5,3,4,5,3,3,2,4,4,3,5,6,3,5,6,1,1,1,1,2,7,3,4,3,2,3,4
17/07/2020 15:19,17/07/2020 15:20,0,43,85,0,24/07/2020 15:20,R_1gSYdI5oTJYulqY,anonymous,EN,1,1,37,1,3,1,2,,,,,,,,,,,,,,,,,,,,,,,,,,,,,,,,
17/07/2020 17:21,17/07/2020 17:22,0,91,66,0,24/07/2020 17:22,R_1jWj1Eu93MDorWh,anonymous,EN,1,1,27,1,1,1,3,0,6,79,8,5,7,4,,,,,,,,,,,,,,,,,,,,,,,,,
25/07/2020 02:09,25/07/2020 02:17,0,100,468,1,25/07/2020 02:17,R_yCkqPhHJhTcQdSF,anonymous,EN,1,2,34,1,3,1,1,1,7,97,4,7,5,4,2,1,1,1,5,1,4,5,2,7,2,2,1,1,1,2,2,2,7,1,1,1,1,1,1
18/07/2020 06:54,18/07/2020 07:00,0,96,364,0,25/07/2020 07:00,R_UGc8LU9E9t4qnBf,anonymous,EN,1,2,,1,1,1,1,1,7,90,8,7,3,4,2,1,1,1,1,1,5,5,3,6,5,1,3,1,1,1,1,4,7,1,1,1,2,3,2
25/07/2020 07:18,25/07/2020 07:39,0,100,1248,1,25/07/2020 07:39,R_307usRSMhF1Jl8i,anonymous,EN,1,2,19,1,1,2,1,1,6,77,3,6,1,4,1,1,1,1,1,1,2,1,1,7,1,1,1,1,1,1,1,1,7,1,1,1,1,2,1
18/07/2020 08:02,18/07/2020 08:13,0,96,621,0,25/07/2020 08:13,R_1qfCn1gakJTSimg,anonymous,EN,1,2,24,1,1,3,1,1,7,92,3,7,1,5,1,1,1,1,1,1,7,1,1,7,1,1,1,1,1,1,1,1,7,1,1,1,1,1,1
18/07/2020 09:38,18/07/2020 09:38,0,43,41,0,25/07/2020 09:39,R_33xVx8fNEC3w8R7,anonymous,EN,1,1,22,1,1,1,1,,,,,,,,,,,,,,,,,,,,,,,,,,,,,,,,
18/07/2020 10:54,18/07/2020 11:06,0,96,701,0,25/07/2020 11:06,R_1nPAkDsGenOZJnG,anonymous,EN,1,2,38,1,2,2,1,1,6,80,1,6,2,3,1,1,1,1,2,2,1,1,1,7,1,1,1,1,1,1,1,1,7,1,2,1,1,2,1
18/07/2020 11:07,18/07/2020 11:07,0,43,28,0,25/07/2020 11:08,R_2QPs1q8yHWx0T1p,anonymous,EN,1,2,23,1,5,2,1,,,,,,,,,,,,,,,,,,,,,,,,,,,,,,,,
18/07/2020 16:06,18/07/2020 16:08,0,17,152,0,25/07/2020 16:08,R_2xPqCG4UyjCu46Q,anonymous,EN,1,,,,,,,,,,,,,,,,,,,,,,,,,,,,,,,,,,,,,,
19/07/2020 07:09,19/07/2020 07:16,0,91,392,0,26/07/2020 07:16,R_YbIWHLtOYzCVTm9,anonymous,EN,1,1,24,1,1,2,1,0,6,11,7,7,2,4,,,,,,,,,,,,,,,,,,,,,,,,,
19/07/2020 08:10,19/07/2020 08:23,0,91,793,0,26/07/2020 08:24,R_1Pbib6oi1CokI2D,anonymous,EN,1,2,40,1,2,2,1,0,3,70,0,3,6,4,,,,,,,,,,,,,,,,,,,,,,,,,
26/07/2020 09:36,26/07/2020 09:46,0,100,615,1,26/07/2020 09:46,R_sp2mdAixa5niic1,anonymous,EN,1,2,27,1,1,2,1,1,7,100,2,7,1,5,1,1,1,1,2,1,2,2,2,7,1,2,2,2,2,1,1,2,7,2,1,1,1,1,1
26/07/2020 13:05,26/07/2020 13:25,0,100,1168,1,26/07/2020 13:25,R_doh1JXk122KoQIp,anonymous,EN,1,1,34,1,1,1,1,0,5,50,0,5,4,2,2,3,1,3,5,6,5,3,3,3,5,2,2,1,1,1,1,5,4,5,5,4,3,5,3
19/07/2020 14:33,19/07/2020 14:43,0,96,579,0,26/07/2020 14:43,R_cvXKbaFLzOBLARP,anonymous,EN,1,2,29,1,5,1,1,1,6,93,2,6,1,5,1,1,1,1,1,1,1,1,1,7,1,1,1,1,1,1,1,3,7,1,1,1,1,1,1
26/07/2020 14:29,26/07/2020 14:49,0,100,1200,1,26/07/2020 14:49,R_3KYMgBArc5cllJu,anonymous,EN,1,1,21,1,1,1,1,1,7,100,8,7,1,5,1,2,1,4,2,4,5,5,5,7,1,1,1,1,1,1,1,1,7,1,1,1,1,1,1
20/07/2020 14:35,20/07/2020 15:00,0,91,1507,0,27/07/2020 01:27,R_3HCALcV7yT46uDt,anonymous,EN,1,1,19,1,1,2,2,0,4,70,0,4,5,3,,,,,,,,,,,,,,,,,,,,,,,,,
21/07/2020 13:10,21/07/2020 13:27,0,96,1016,0,27/07/2020 01:27,R_3JCnt8xntOXd59k,anonymous,EN,1,2,48,1,1,2,1,1,7,91,10,6,4,3,1,1,1,1,1,1,5,5,5,7,5,1,1,1,1,1,1,1,7,1,1,1,1,1,1
20/07/2020 10:48,20/07/2020 10:50,0,43,72,0,27/07/2020 01:27,R_2R4y4gFvnu8xH7z,anonymous,EN,1,1,29,1,1,1,1,,,,,,,,,,,,,,,,,,,,,,,,,,,,,,,,
23/07/2020 21:17,23/07/2020 21:25,0,96,481,0,27/07/2020 01:27,R_1eKbaCWemgT144d,anonymous,EN,1,2,27,1,1,2,1,1,6,86,7,7,1,5,1,1,1,1,1,1,2,2,1,7,1,1,4,1,1,1,1,1,7,1,1,1,1,1,1
21/07/2020 06:06,21/07/2020 06:06,0,17,31,0,27/07/2020 01:27,R_BqRGykt17IinmJb,anonymous,EN,1,,,,,,,,,,,,,,,,,,,,,,,,,,,,,,,,,,,,,,
21/07/2020 15:49,21/07/2020 16:35,0,96,2746,0,27/07/2020 01:27,R_elFQnv9jOEY87EB,anonymous,EN,1,4,28,1,2,1,2,0,5,70,0,5,4,3,2,1,1,1,2,5,4,2,2,6,5,3,4,1,1,1,1,4,6,2,2,2,1,5,1
21/07/2020 02:51,21/07/2020 02:51,0,17,15,0,27/07/2020 01:27,R_1PaZdWLLahtHcmF,anonymous,EN,1,,,,,,,,,,,,,,,,,,,,,,,,,,,,,,,,,,,,,,
22/07/2020 02:59,22/07/2020 03:10,0,96,713,0,27/07/2020 01:27,R_Oxvjm066wbDHBxD,anonymous,EN,1,1,22,1,3,2,1,1,6,80,4,6,2,5,1,1,1,2,1,2,5,5,5,7,5,3,3,1,1,1,1,1,7,2,1,2,1,3,1
22/07/2020 08:19,22/07/2020 08:20,0,61,44,0,27/07/2020 01:27,R_3KTKA3rTjcstWPQ,anonymous,EN,1,2,,1,2,3,1,,,,,,,,,,,,,,,,,,,,,,,,,,,,,,,,
23/07/2020 17:46,23/07/2020 17:57,0,96,647,0,27/07/2020 01:27,R_2TGVQyNJK8NKqxw,anonymous,EN,1,1,18,1,1,1,1,0,3,67,0,3,5,2,2,3,2,5,1,5,6,3,7,6,2,1,1,1,1,1,1,2,7,5,5,4,2,5,2
23/07/2020 20:36,23/07/2020 20:53,0,96,1037,0,27/07/2020 01:27,R_2E0DPeDDXMiBuSw,anonymous,EN,1,1,29,1,1,2,1,1,7,20,1,7,1,3,1,1,1,1,1,2,3,2,3,7,1,1,1,1,1,1,1,1,7,1,1,1,1,1,1
24/07/2020 00:04,24/07/2020 00:06,0,61,87,0,27/07/2020 01:27,R_1q2rOOwXqhLGnJy,anonymous,EN,1,1,18,14,,1,1,,,,,,,,,,,,,,,,,,,,,,,,,,,,,,,,
24/07/2020 06:04,24/07/2020 06:21,0,96,1002,0,27/07/2020 01:27,R_tY6W2XEIhlY2JPj,anonymous,EN,1,2,38,1,1,3,1,0,5,50,0,7,1,5,1,1,1,1,1,1,2,1,1,7,1,1,1,4,1,4,1,4,7,1,2,1,2,1,1
21/07/2020 12:15,21/07/2020 12:26,0,96,673,0,27/07/2020 01:27,R_1jpNHEYZ0g9hcNc,anonymous,EN,1,1,30,1,1,2,1,1,7,100,7,7,1,5,1,1,1,1,1,1,1,1,1,7,1,1,1,1,1,1,1,1,4,1,1,1,1,1,1
24/07/2020 09:43,24/07/2020 09:43,0,17,11,0,27/07/2020 01:27,R_3PhOnWCpN02z1kU,anonymous,EN,1,,,,,,,,,,,,,,,,,,,,,,,,,,,,,,,,,,,,,,
20/07/2020 03:31,20/07/2020 03:32,0,43,17,0,27/07/2020 01:27,R_3JBGO4bWobDiQxz,anonymous,EN,1,2,22,1,1,1,1,,,,,,,,,,,,,,,,,,,,,,,,,,,,,,,,
20/07/2020 04:05,20/07/2020 04:19,0,61,845,0,27/07/2020 01:27,R_3k8447DK65jz4fy,anonymous,EN,1,1,62,1,1,1,1,,,,,,,,,,,,,,,,,,,,,,,,,,,,,,,,
21/07/2020 16:12,21/07/2020 16:16,0,61,247,0,27/07/2020 01:27,R_1mV1XiKhR8WmSQv,anonymous,EN,1,2,29,1,1,1,1,,,,,,,,,,,,,,,,,,,,,,,,,,,,,,,,
23/07/2020 02:57,23/07/2020 02:57,0,43,42,0,27/07/2020 01:27,R_3fe2XaOP9R9ou20,anonymous,EN,1,1,26,1,1,1,1,,,,,,,,,,,,,,,,,,,,,,,,,,,,,,,,
22/07/2020 09:08,22/07/2020 09:09,0,43,39,0,27/07/2020 01:27,R_1d65FcRl3jXhby1,anonymous,EN,1,2,23,1,1,1,1,,,,,,,,,,,,,,,,,,,,,,,,,,,,,,,,
23/07/2020 12:01,23/07/2020 12:02,0,17,23,0,27/07/2020 01:27,R_1FCzGNs88crcvU8,anonymous,EN,1,,,,,,,,,,,,,,,,,,,,,,,,,,,,,,,,,,,,,,
23/07/2020 16:28,23/07/2020 16:32,0,61,263,0,27/07/2020 01:27,R_31dCS3paD0pOqHN,anonymous,EN,1,1,,1,2,1,1,,,,,,,,,,,,,,,,,,,,,,,,,,,,,,,,
23/07/2020 17:09,23/07/2020 17:10,0,61,50,0,27/07/2020 01:27,R_2UXfjApO5sG6OdO,anonymous,EN,1,2,20,1,2,3,1,,,,,,,,,,,,,,,,,,,,,,,,,,,,,,,,
20/07/2020 08:27,22/07/2020 18:20,0,61,208336,0,27/07/2020 01:27,R_3PNQ6PTJkBPg3tp,anonymous,EN,1,2,25,4,1,1,1,,,,,,,,,,,,,,,,,,,,,,,,,,,,,,,,
14/07/2020 07:54,14/07/2020 07:58,0,100,244,1,14/07/2020 07:58,R_11hlPFBiKZO4M4H,anonymous,EN,1,1,49,1,1,2,2,0,3,62,0,4,4,3,4,1,1,2,4,5,1,2,1,6,4,3,5,2,1,1,1,3,6,5,5,5,3,5,2
14/07/2020 07:54,14/07/2020 07:59,0,100,343,1,14/07/2020 07:59,R_12Jrw4GVEMEOBjS,anonymous,EN,1,2,21,1,1,2,1,1,7,99,9,7,1,5,1,1,1,1,1,1,1,1,1,7,1,1,1,1,1,1,1,1,7,1,1,1,1,1,1
14/07/2020 07:55,14/07/2020 08:02,0,100,397,1,14/07/2020 08:02,R_3fH7KGcYYVVotOg,anonymous,EN,1,1,33,1,1,1,1,1,6,80,1,6,2,4,1,1,1,2,1,2,5,4,3,5,2,1,2,1,1,1,1,1,6,2,2,2,1,1,1
14/07/2020 07:53,14/07/2020 08:02,0,100,557,1,14/07/2020 08:02,R_5d2DZ7g71km9YFX,anonymous,EN,1,2,35,1,1,3,1,0,4,50,10,4,4,2,3,4,3,5,4,5,4,3,3,5,4,3,4,3,3,2,2,5,6,4,5,4,4,4,2
14/07/2020 07:55,14/07/2020 08:03,0,100,510,1,14/07/2020 08:03,R_2TYuQsI49FiFLee,anonymous,EN,1,1,20,1,1,2,1,1,7,95,2,7,2,5,1,1,1,1,1,1,1,1,1,7,2,2,1,1,1,1,1,1,6,2,1,1,1,1,1
14/07/2020 07:51,14/07/2020 08:04,0,100,805,1,14/07/2020 08:04,R_3GDI59ZjEG2TJ6k,anonymous,EN,1,2,55,1,1,1,1,0,5,31,0,6,6,2,5,5,5,6,5,7,6,6,6,7,7,4,5,4,3,1,1,4,7,4,5,4,5,5,4
14/07/2020 07:53,14/07/2020 08:05,0,100,750,1,14/07/2020 08:05,R_C3ugquppepp5vQl,anonymous,EN,1,2,44,1,1,1,1,0,5,70,2,4,5,2,4,3,4,2,3,5,3,4,4,5,3,1,4,3,3,2,1,4,6,4,4,4,3,4,3
14/07/2020 07:57,14/07/2020 08:06,0,100,504,1,14/07/2020 08:06,R_3snKLLIJHpOOEdI,anonymous,EN,1,1,20,1,1,1,2,0,4,60,0,2,7,4,1,1,1,1,1,5,2,1,1,4,3,1,1,1,1,1,1,1,1,1,6,4,3,3,3
14/07/2020 07:55,14/07/2020 08:06,0,100,661,1,14/07/2020 08:06,R_31tk93JshgjYbQt,anonymous,EN,1,2,32,1,1,1,2,0,6,50,2,5,6,3,4,1,1,1,2,3,4,4,4,6,2,1,1,1,1,1,1,5,7,5,7,4,1,4,1
14/07/2020 08:00,14/07/2020 08:06,0,100,393,1,14/07/2020 08:06,R_2B4lp7J1SvMHMdl,anonymous,EN,1,2,20,1,1,1,1,1,6,85,9,6,1,5,1,1,1,1,1,1,6,2,4,7,1,1,1,1,1,1,1,1,7,2,5,1,1,1,1
14/07/2020 07:53,14/07/2020 08:07,0,100,867,1,14/07/2020 08:07,R_3fTcTpsELyr0h8d,anonymous,EN,1,2,25,4,1,1,1,1,7,80,7,7,5,3,5,2,3,6,1,2,6,1,6,7,5,2,1,1,1,1,1,5,5,6,6,5,2,4,1
14/07/2020 08:01,14/07/2020 08:08,0,100,449,1,14/07/2020 08:08,R_2Xo0uLtxMKj2lWV,anonymous,EN,1,2,19,5,1,3,1,1,7,54,8,5,5,3,4,1,1,1,1,1,1,5,1,7,4,1,1,5,1,1,1,1,1,1,1,1,1,1,1
14/07/2020 07:49,14/07/2020 08:08,0,100,1125,1,14/07/2020 08:08,R_3PMH74aJaVl7GGN,anonymous,EN,1,2,63,1,1,1,1,0,2,76,1,2,6,1,6,6,5,7,5,6,7,4,7,6,3,1,4,2,3,5,2,3,2,5,6,6,5,5,3
14/07/2020 07:58,14/07/2020 08:09,0,100,650,1,14/07/2020 08:09,R_3r3aM1eeG5O0Zcp,anonymous,EN,1,3,26,1,1,2,1,1,6,90,5,6,3,3,1,1,1,1,2,5,5,4,3,6,1,1,1,1,1,1,1,1,7,3,4,3,2,5,1
14/07/2020 08:05,14/07/2020 08:09,0,100,245,1,14/07/2020 08:09,R_3fOXuziKSvjXb9e,anonymous,EN,1,2,35,11,1,1,1,1,7,82,6,6,6,3,5,6,6,7,7,7,6,7,7,7,6,6,3,7,2,1,2,6,3,7,7,7,7,6,6
14/07/2020 07:59,14/07/2020 08:10,0,100,644,1,14/07/2020 08:10,R_069dovoxcSra8WB,anonymous,EN,1,2,19,1,2,1,1,1,6,94,1,6,4,4,3,2,1,1,1,1,4,4,2,7,4,1,1,1,1,1,1,1,7,1,3,2,1,4,1
14/07/2020 07:54,14/07/2020 08:10,0,100,981,1,14/07/2020 08:10,R_33apoJWalA6QRIX,anonymous,EN,1,1,18,1,1,2,1,1,7,90,6,6,3,5,4,2,1,2,1,4,4,4,1,7,1,1,1,1,1,1,1,1,7,3,4,3,1,2,1
14/07/2020 08:03,14/07/2020 08:10,0,100,448,1,14/07/2020 08:10,R_3HiYYEroKR19t3L,anonymous,EN,1,2,20,1,1,2,1,1,6,82,5,6,2,5,1,1,1,1,1,6,4,1,2,6,1,1,1,1,1,1,1,1,7,4,3,4,2,1,1
14/07/2020 08:04,14/07/2020 08:11,0,100,412,1,14/07/2020 08:11,R_1nNq7C9xjQQh4sW,anonymous,EN,1,1,26,1,1,2,1,1,6,82,2,6,2,4,1,1,1,2,1,1,5,1,2,6,2,1,1,1,1,1,1,1,6,1,3,1,1,1,1
14/07/2020 07:54,14/07/2020 08:11,0,100,1010,1,14/07/2020 08:11,R_3Kr7NJP9KHTQCLn,anonymous,EN,1,2,23,1,1,2,1,1,6,92,8,6,1,3,1,1,1,1,1,1,2,2,2,7,1,1,1,1,1,1,1,1,7,1,1,1,1,1,1
14/07/2020 07:56,14/07/2020 08:11,0,100,934,1,14/07/2020 08:11,R_pGlXOMUxoqPSxpv,anonymous,EN,1,2,24,1,1,2,1,1,6,80,3,6,1,3,1,1,1,1,1,1,2,2,1,1,1,1,1,1,1,1,1,1,7,1,1,1,1,2,1
14/07/2020 07:53,14/07/2020 08:12,0,100,1088,1,14/07/2020 08:12,R_80LYiZ1h68g2FVf,anonymous,EN,1,2,29,1,1,1,1,0,5,80,1,3,6,2,5,5,4,5,1,4,2,5,1,7,1,1,1,1,1,1,1,2,7,4,3,3,2,2,2
14/07/2020 08:07,14/07/2020 08:12,0,100,283,1,14/07/2020 08:12,R_esTFQyuEUeNdZLP,anonymous,EN,1,2,19,1,3,0,1,1,7,100,3,6,1,4,1,1,1,1,4,3,1,1,4,7,1,1,2,1,1,1,1,1,7,2,1,1,1,1,1
14/07/2020 08:02,14/07/2020 08:12,0,100,580,1,14/07/2020 08:12,R_6KGaFHqQFln1OYp,anonymous,EN,1,1,43,10,1,1,1,0,1,100,0,1,7,1,7,7,3,5,4,7,7,5,7,4,1,1,7,1,1,1,1,7,7,7,7,7,7,7,7
14/07/2020 08:06,14/07/2020 08:12,0,100,383,1,14/07/2020 08:12,R_bd2EdhUl8T9K52x,anonymous,EN,1,2,27,1,1,1,1,1,6,70,3,6,4,4,1,3,3,5,2,7,6,5,7,7,4,1,4,1,1,1,1,1,4,4,2,4,2,4,2
14/07/2020 08:03,14/07/2020 08:13,0,100,597,1,14/07/2020 08:13,R_3R8iT8BHfHacOzU,anonymous,EN,1,1,31,1,2,1,1,0,4,60,0,4,3,2,3,1,1,2,2,3,4,4,4,4,4,3,2,1,1,2,1,5,7,3,3,3,3,3,3
14/07/2020 08:02,14/07/2020 08:13,0,100,653,1,14/07/2020 08:13,R_1mVHYuXP9GMm1MC,anonymous,EN,1,1,21,1,1,1,1,1,6,90,5,7,3,4,1,1,1,3,3,5,2,5,2,7,1,1,4,1,1,2,1,5,7,2,5,2,1,4,2
14/07/2020 08:12,14/07/2020 08:13,0,100,45,1,14/07/2020 08:13,R_esrRdQEXUKvD1wR,anonymous,EN,2,,,,,,,,,,,,,,,,,,,,,,,,,,,,,,,,,,,,,,
14/07/2020 08:06,14/07/2020 08:13,0,100,446,1,14/07/2020 08:13,R_8qCSnBoP0HdEDcZ,anonymous,EN,1,1,28,13,1,0,1,0,4,79,0,4,3,4,1,1,1,1,1,4,1,5,1,7,1,1,4,1,1,1,1,3,7,4,4,1,1,4,1
14/07/2020 08:07,14/07/2020 08:13,0,100,342,1,14/07/2020 08:13,R_1dae0BE16ZlsIIw,anonymous,EN,1,2,22,1,2,1,1,1,6,80,3,6,1,4,1,1,1,1,1,1,1,1,1,7,1,1,5,1,1,1,1,1,7,1,1,1,1,1,1
14/07/2020 08:04,14/07/2020 08:13,0,100,577,1,14/07/2020 08:13,R_3L8csx7vFJ7aacF,anonymous,EN,1,1,18,1,1,2,1,0,4,40,1,5,5,4,2,1,1,4,5,7,5,5,5,7,4,1,1,1,1,1,1,2,6,4,5,4,2,4,3
14/07/2020 08:02,14/07/2020 08:14,0,100,693,1,14/07/2020 08:14,R_2VJwhP4O51iFBPM,anonymous,EN,1,2,23,1,1,2,1,1,6,68,5,7,1,5,1,1,1,1,1,2,7,3,4,7,1,1,1,1,1,1,1,4,7,1,2,1,1,1,1
14/07/2020 08:00,14/07/2020 08:14,0,100,787,1,14/07/2020 08:14,R_wL7ifmPLaecD62l,anonymous,EN,1,1,21,14,1,2,3,0,3,75,0,4,5,3,2,1,1,3,2,2,4,3,4,5,1,3,2,1,1,1,1,2,6,2,3,4,2,4,2
14/07/2020 08:04,14/07/2020 08:14,0,100,585,1,14/07/2020 08:14,R_3eq202LGLgp3guw,anonymous,EN,1,1,18,5,1,1,1,0,5,50,6,3,5,3,2,1,1,1,4,1,6,3,6,7,5,2,2,1,2,1,1,4,6,4,4,2,1,4,4
14/07/2020 08:05,14/07/2020 08:14,0,100,532,1,14/07/2020 08:14,R_1nPbNytQFxJgRhE,anonymous,EN,1,2,35,14,1,1,1,0,3,50,0,3,5,2,4,4,4,5,3,1,1,1,1,6,5,1,4,7,1,1,1,7,7,5,5,5,5,6,1
14/07/2020 08:10,14/07/2020 08:15,0,100,288,1,14/07/2020 08:15,R_1gcpoVwxddfJNgJ,anonymous,EN,1,1,21,1,1,1,1,1,7,98,5,7,7,4,1,1,1,1,2,5,6,5,4,6,5,3,5,3,4,4,4,3,4,3,4,4,5,5,5
14/07/2020 08:07,14/07/2020 08:15,0,100,478,1,14/07/2020 08:15,R_3QEJ0Rvy6j4Mcxg,anonymous,EN,1,2,26,1,1,0,1,1,6,87,4,7,2,5,1,1,1,1,1,1,6,2,1,7,1,1,1,1,1,1,1,1,7,1,1,1,1,1,1
14/07/2020 08:03,14/07/2020 08:15,0,100,711,1,14/07/2020 08:15,R_2eXoa6BKTaPxiKz,anonymous,EN,1,2,32,1,1,1,1,1,6,70,4,7,2,4,1,1,1,1,3,1,3,4,3,7,2,2,2,1,1,1,1,2,7,2,2,1,1,1,1
14/07/2020 08:07,14/07/2020 08:15,0,100,510,1,14/07/2020 08:15,R_bKsOKDhdr2bwHcJ,anonymous,EN,1,2,33,1,1,1,1,1,5,37,3,5,4,3,4,4,2,2,2,5,5,5,5,6,4,2,1,2,2,2,2,5,7,5,5,5,3,5,2
14/07/2020 08:04,14/07/2020 08:15,0,100,661,1,14/07/2020 08:15,R_3nAFU5JhZQ4x79i,anonymous,EN,1,2,36,1,4,2,1,1,7,85,3,7,2,4,1,1,1,1,2,4,3,3,1,7,5,1,1,1,1,1,1,1,4,1,1,1,1,1,1
14/07/2020 08:04,14/07/2020 08:16,0,100,679,1,14/07/2020 08:16,R_3iDqZolKhEfya67,anonymous,EN,1,2,39,1,1,0,1,1,7,85,2,6,5,3,1,1,1,5,1,2,2,2,2,6,1,1,1,1,1,1,1,5,7,2,4,1,1,1,1
14/07/2020 08:01,14/07/2020 08:16,0,100,890,1,14/07/2020 08:16,R_2PBWGes9UZfapyf,anonymous,EN,1,2,41,1,2,2,1,1,7,93,3,7,1,4,1,1,1,1,1,1,1,1,1,7,1,1,1,1,1,1,1,1,7,1,1,1,1,2,1
14/07/2020 08:05,14/07/2020 08:16,0,100,681,1,14/07/2020 08:16,R_2B38zfN8mQnWGlb,anonymous,EN,1,1,58,1,1,1,1,0,1,85,0,1,7,1,7,4,1,7,6,7,7,7,7,2,3,3,7,2,7,4,2,7,1,7,7,6,7,7,4
14/07/2020 07:56,14/07/2020 08:16,0,100,1210,1,14/07/2020 08:16,R_yJttXmUZDDq2SYx,anonymous,EN,1,2,33,1,1,1,1,1,6,80,4,6,1,4,1,1,1,1,2,5,3,1,1,7,2,1,1,1,1,1,1,1,7,2,2,2,1,4,1
14/07/2020 08:08,14/07/2020 08:16,0,100,513,1,14/07/2020 08:16,R_3L52XdbZarvd0Fp,anonymous,EN,1,2,21,14,1,1,1,1,7,82,10,7,1,4,1,1,1,1,1,1,7,4,3,7,1,1,1,1,1,1,1,2,7,5,2,2,1,5,1
14/07/2020 08:11,14/07/2020 08:17,0,100,333,1,14/07/2020 08:17,R_1mgBGGBoDI3QAC6,anonymous,EN,1,2,34,1,1,3,1,1,7,90,10,7,2,2,1,1,1,1,1,1,3,6,2,3,1,1,1,1,1,1,1,3,7,4,3,4,3,3,3
14/07/2020 08:09,14/07/2020 08:17,0,100,462,1,14/07/2020 08:17,R_3j20vGAqZyIeprP,anonymous,EN,1,2,23,14,1,1,1,0,5,50,3,6,5,4,1,1,1,1,1,1,5,4,4,6,1,1,1,6,1,1,1,1,5,4,4,2,1,2,1
14/07/2020 08:07,14/07/2020 08:17,0,100,563,1,14/07/2020 08:17,R_2PhWwzzv73kiTEr,anonymous,EN,1,1,32,1,1,1,1,1,7,95,5,6,2,4,1,1,2,5,1,4,2,1,1,7,1,1,1,1,1,1,1,2,7,1,1,1,1,2,1
14/07/2020 08:12,14/07/2020 08:17,0,100,320,1,14/07/2020 08:17,R_2WxwHyzDPsd6KgC,anonymous,EN,1,2,37,1,3,0,1,0,5,81,0,4,4,3,2,1,1,1,1,1,2,2,2,7,1,1,1,1,1,1,1,1,7,1,2,1,2,1,1
14/07/2020 08:14,14/07/2020 08:17,0,100,199,1,14/07/2020 08:17,R_3Hv0T2NwFoGol5p,anonymous,EN,1,2,33,5,1,1,1,1,4,63,5,4,6,3,6,4,5,4,3,4,5,4,4,4,5,4,3,3,4,4,4,3,4,4,4,4,4,3,5
14/07/2020 08:12,14/07/2020 08:17,0,100,309,1,14/07/2020 08:17,R_1SNbbbW3M71aCmB,anonymous,EN,1,2,46,1,1,1,1,1,6,72,2,6,2,4,1,1,1,1,1,1,2,1,2,6,1,1,1,1,1,1,1,1,6,1,1,1,1,1,1
14/07/2020 08:05,14/07/2020 08:17,0,100,749,1,14/07/2020 08:17,R_1lsmAFipvjvsPt1,anonymous,EN,1,1,36,1,1,2,1,1,6,81,10,6,1,3,1,1,1,1,1,2,1,1,1,7,1,1,3,1,1,1,1,1,7,4,4,4,4,4,3
14/07/2020 08:08,14/07/2020 08:18,0,100,579,1,14/07/2020 08:18,R_bfq7C1mRVTKpvwZ,anonymous,EN,1,2,42,1,1,1,1,0,3,50,0,5,5,3,3,1,1,1,4,1,1,3,1,4,5,4,3,1,1,1,1,2,7,6,6,6,7,3,3
14/07/2020 08:08,14/07/2020 08:18,0,100,604,1,14/07/2020 08:18,R_2aG0S950eVUmOnF,anonymous,EN,1,3,28,1,1,2,1,1,6,86,2,6,1,4,1,1,1,1,1,1,5,1,1,7,1,1,1,1,1,1,1,1,7,1,1,1,1,1,1
14/07/2020 08:12,14/07/2020 08:18,0,100,343,1,14/07/2020 08:18,R_2QXtrUWNtzAi66M,anonymous,EN,1,2,23,1,2,3,2,1,6,92,10,7,2,4,1,1,1,5,1,2,1,1,1,7,1,1,1,1,1,1,1,3,7,5,7,5,3,7,5
14/07/2020 08:06,14/07/2020 08:18,0,100,728,1,14/07/2020 08:18,R_1nYKD1LKzCb9Qx9,anonymous,EN,1,2,19,1,1,2,1,1,6,92,5,6,7,5,1,1,1,1,2,2,5,4,1,7,1,1,1,1,1,1,1,2,7,1,3,1,1,1,1
14/07/2020 08:07,14/07/2020 08:18,0,100,649,1,14/07/2020 08:18,R_26gA7S65htqW5yo,anonymous,EN,1,1,26,1,1,1,1,1,6,78,2,6,4,4,5,1,1,2,1,3,2,4,2,7,1,1,1,1,1,1,1,1,7,2,2,2,2,2,1
14/07/2020 08:01,14/07/2020 08:18,0,100,1008,1,14/07/2020 08:18,R_1Cp5Go92Qo6R4Lu,anonymous,EN,1,2,25,13,1,1,1,1,7,95,8,7,1,5,1,1,1,1,1,1,1,1,1,6,1,1,1,1,1,1,1,1,7,1,1,1,1,1,1
14/07/2020 08:06,14/07/2020 08:18,0,100,757,1,14/07/2020 08:18,R_YYWJNfGGGWmIsQF,anonymous,EN,1,2,18,1,5,1,1,1,7,94,7,6,2,4,1,1,1,1,1,2,2,1,1,7,2,1,1,1,1,1,1,2,7,3,4,3,2,3,1
14/07/2020 08:11,14/07/2020 08:18,0,100,449,1,14/07/2020 08:18,R_3D0xl5qieAJxEmV,anonymous,EN,1,2,39,1,1,1,1,0,4,50,6,6,4,3,1,1,1,4,4,5,4,5,4,7,4,1,1,2,1,1,1,6,7,4,4,3,2,1,1
14/07/2020 08:12,14/07/2020 08:18,0,100,392,1,14/07/2020 08:18,R_3CAY5ivZVPzfvUY,anonymous,EN,1,2,19,1,3,1,1,0,6,50,2,6,2,3,5,3,2,3,4,3,5,5,5,6,4,3,5,2,2,2,1,5,7,2,3,4,4,5,3
14/07/2020 08:17,14/07/2020 08:19,0,100,112,1,14/07/2020 08:19,R_12bQU4Jj7qFlOyO,anonymous,EN,1,1,21,4,1,1,1,1,6,51,3,5,5,3,3,2,6,3,5,3,1,6,5,3,5,4,3,4,6,4,3,6,5,2,3,6,4,5,3
14/07/2020 08:13,14/07/2020 08:19,0,100,339,1,14/07/2020 08:19,R_2uHsHke2B5rmfN1,anonymous,EN,1,2,38,1,1,2,2,1,7,88,6,7,1,5,1,1,1,1,1,2,1,1,1,7,2,1,1,1,1,1,1,1,7,3,1,1,1,1,1
14/07/2020 08:09,14/07/2020 08:19,0,100,597,1,14/07/2020 08:19,R_12huV0kvGWCOdSc,anonymous,EN,1,2,27,1,1,1,1,0,4,10,0,5,5,3,2,1,1,1,1,6,4,1,1,7,1,1,1,1,1,1,1,1,7,5,5,4,4,4,2
14/07/2020 08:03,14/07/2020 08:19,0,100,1004,1,14/07/2020 08:19,R_2tqZlQDP23KFgn4,anonymous,EN,1,1,21,13,1,2,1,1,5,10,0,5,5,4,1,1,1,1,1,6,5,2,3,6,1,1,1,1,1,1,1,5,6,1,1,1,1,3,1
14/07/2020 08:07,14/07/2020 08:20,0,100,756,1,14/07/2020 08:20,R_SW4bN3XCQPnv0T7,anonymous,EN,1,2,28,1,1,1,1,0,2,99,0,2,6,2,3,1,1,2,2,5,5,5,2,7,1,1,1,1,1,2,1,5,7,5,6,5,2,6,4
14/07/2020 08:11,14/07/2020 08:20,0,100,503,1,14/07/2020 08:20,R_3JxXVJkQSHla8if,anonymous,EN,1,2,21,1,1,1,1,1,7,100,6,7,1,5,1,1,1,1,1,1,4,4,1,7,1,1,4,1,1,1,1,1,7,1,1,1,1,1,1
14/07/2020 08:13,14/07/2020 08:20,0,100,400,1,14/07/2020 08:20,R_3kOhM2BluFoO2nn,anonymous,EN,1,2,26,5,1,2,1,1,5,75,6,5,6,3,4,1,1,1,1,2,1,1,1,7,5,1,1,1,1,1,1,1,7,6,3,4,2,4,3
14/07/2020 08:04,14/07/2020 08:20,0,100,936,1,14/07/2020 08:20,R_3lVwgak4Kbpx5qe,anonymous,EN,1,1,34,1,1,1,1,0,2,70,0,3,4,2,4,2,1,5,1,6,2,2,1,4,4,1,2,2,1,1,1,1,6,4,3,5,4,6,4
14/07/2020 08:14,14/07/2020 08:20,0,100,358,1,14/07/2020 08:20,R_23acwwKK9RjDayy,anonymous,EN,1,2,18,1,2,1,1,1,6,72,8,2,2,4,1,1,1,1,1,4,1,1,1,7,1,1,1,1,1,1,1,1,7,2,1,1,1,1,1
14/07/2020 08:07,14/07/2020 08:20,0,100,743,1,14/07/2020 08:20,R_bwJp5AGYzDybg2d,anonymous,EN,1,2,48,1,1,1,1,1,6,80,10,6,1,4,1,1,1,2,1,1,7,4,4,7,2,2,2,1,1,1,1,1,7,4,5,4,1,1,1
14/07/2020 08:05,14/07/2020 08:20,0,100,919,1,14/07/2020 08:20,R_2Bs2eDLtRNPNCJ6,anonymous,EN,1,1,39,1,1,1,1,0,2,90,0,6,7,2,5,7,6,7,6,7,7,7,4,7,4,1,6,4,7,3,1,5,7,7,7,7,4,7,2
14/07/2020 08:08,14/07/2020 08:20,0,100,740,1,14/07/2020 08:20,R_2f9tSiB4R8Bq3sL,anonymous,EN,1,2,28,14,2,2,2,0,5,31,0,4,6,4,1,5,1,6,5,1,1,5,1,7,1,1,1,1,1,1,1,5,7,3,4,4,5,5,1
14/07/2020 08:13,14/07/2020 08:20,0,100,446,1,14/07/2020 08:20,R_2xYqvuCIzBAR9lZ,anonymous,EN,1,2,36,1,1,1,1,1,5,81,2,7,1,4,1,1,1,1,1,1,1,1,1,7,5,1,1,1,1,1,1,1,7,1,3,2,1,1,1
14/07/2020 08:12,14/07/2020 08:20,0,100,499,1,14/07/2020 08:20,R_1JPYewKzmxZ7JK8,anonymous,EN,1,2,22,1,1,1,1,1,7,99,3,7,1,3,1,1,1,1,1,1,1,1,1,7,1,1,4,1,1,1,1,1,7,1,3,1,1,6,1
14/07/2020 08:12,14/07/2020 08:20,0,100,486,1,14/07/2020 08:20,R_PvtFU6UciKDMhqN,anonymous,EN,1,2,26,1,1,1,1,1,6,60,7,6,3,4,5,5,3,5,1,3,6,5,5,6,1,1,1,2,1,1,1,3,5,2,2,2,3,4,2
14/07/2020 08:14,14/07/2020 08:21,0,100,433,1,14/07/2020 08:21,R_2Skn35RUyJQDvUq,anonymous,EN,1,2,36,1,1,1,1,0,3,70,0,2,4,3,1,1,1,1,1,1,4,1,1,7,1,1,1,1,1,1,1,1,7,1,1,1,1,1,1
14/07/2020 08:09,14/07/2020 08:21,0,100,688,1,14/07/2020 08:21,R_22lRLRV1HKMbw8z,anonymous,EN,1,2,70,1,1,2,1,0,5,76,0,3,6,2,5,5,5,4,5,5,6,5,6,3,2,1,2,4,4,4,4,7,7,7,6,5,6,6,6
14/07/2020 08:10,14/07/2020 08:21,0,100,681,1,14/07/2020 08:21,R_1rrKtCkgKqu02ji,anonymous,EN,1,1,26,1,1,0,1,0,3,60,2,3,5,3,1,1,1,5,5,6,1,5,1,7,1,1,2,3,1,1,1,2,6,5,5,5,4,5,2
14/07/2020 08:08,14/07/2020 08:21,0,100,754,1,14/07/2020 08:21,R_YSsq606PoBagXex,anonymous,EN,1,2,20,1,2,2,1,1,6,70,1,6,4,3,1,1,1,1,1,1,7,2,1,7,3,2,1,1,1,1,1,1,7,1,1,1,1,1,1
14/07/2020 08:10,14/07/2020 08:21,0,100,661,1,14/07/2020 08:21,R_3fwPsbP5lZIFswJ,anonymous,EN,1,2,19,1,1,2,1,1,6,90,4,6,1,5,1,1,1,1,1,1,1,1,1,7,1,1,1,1,1,1,1,2,7,1,1,1,1,1,1
14/07/2020 08:11,14/07/2020 08:21,0,100,584,1,14/07/2020 08:21,R_3Huy0M6JiPTL8q1,anonymous,EN,1,2,32,1,1,1,1,0,2,84,1,5,4,2,1,2,1,1,2,4,4,3,2,7,6,1,1,1,1,1,1,5,7,3,3,3,1,3,1
14/07/2020 08:06,14/07/2020 08:21,0,100,879,1,14/07/2020 08:21,R_eQfhU5VhhSouu9X,anonymous,EN,1,1,23,13,1,2,1,1,6,80,8,2,2,5,1,1,1,1,1,1,1,1,1,7,4,1,1,1,1,1,1,1,7,1,1,1,1,1,1
14/07/2020 08:08,14/07/2020 08:21,0,100,818,1,14/07/2020 08:21,R_vuAzGZBIPyGwS65,anonymous,EN,1,2,30,1,1,1,1,1,4,4,1,5,3,3,2,1,2,2,2,3,5,5,5,5,3,3,4,2,2,3,1,5,5,4,4,3,4,4,3
14/07/2020 08:13,14/07/2020 08:21,0,100,499,1,14/07/2020 08:21,R_XZlZEgbwpXby93j,anonymous,EN,1,2,23,1,1,1,2,0,3,56,0,4,4,2,5,2,1,4,4,5,4,5,5,5,5,2,2,5,3,1,1,5,5,4,3,4,2,3,1
14/07/2020 08:16,14/07/2020 08:21,0,100,343,1,14/07/2020 08:21,R_Z4302OkrsWN3B6N,anonymous,EN,1,2,34,1,1,1,1,1,5,83,8,6,1,4,1,1,1,1,1,1,1,1,1,7,1,1,1,1,1,1,1,1,7,1,1,1,1,1,1
14/07/2020 08:14,14/07/2020 08:21,0,100,447,1,14/07/2020 08:21,R_DAb4rIF4YmdFtWF,anonymous,EN,1,1,37,7,1,1,1,0,5,31,0,4,3,3,1,1,1,6,2,2,6,2,6,7,6,1,1,1,1,1,1,3,6,5,5,4,4,5,2
14/07/2020 08:09,14/07/2020 08:22,0,100,735,1,14/07/2020 08:22,R_3s7bkgBYJJWhTot,anonymous,EN,1,2,27,1,1,2,1,1,6,78,10,4,2,5,1,1,1,1,2,1,1,4,1,4,1,1,1,1,1,1,1,5,7,2,2,2,1,4,1
14/07/2020 08:09,14/07/2020 08:22,0,100,749,1,14/07/2020 08:22,R_1JJzvIZh3qwoZne,anonymous,EN,1,1,30,1,1,1,1,0,6,70,0,6,2,4,1,1,1,1,1,2,2,2,2,6,1,6,1,1,1,1,1,1,7,1,1,1,1,1,1
14/07/2020 08:09,14/07/2020 08:22,0,100,771,1,14/07/2020 08:22,R_271gU2EQX7odNNO,anonymous,EN,1,3,21,1,3,1,1,1,6,85,2,1,4,4,1,1,1,1,1,2,5,1,5,7,2,1,1,1,1,1,1,1,7,1,3,2,1,1,1
14/07/2020 08:14,14/07/2020 08:22,0,100,443,1,14/07/2020 08:22,R_1Fm4QlfsD8wdDso,anonymous,EN,1,2,34,1,1,2,1,1,7,89,2,7,1,5,1,1,1,1,1,1,6,5,5,6,4,2,1,1,1,1,1,1,6,4,5,4,4,4,1
14/07/2020 08:06,14/07/2020 08:22,0,100,929,1,14/07/2020 08:22,R_2VL9DDsazRqEWQ5,anonymous,EN,1,1,71,1,1,1,1,1,6,61,2,6,5,4,4,2,1,5,2,1,1,1,2,7,2,1,1,1,1,1,1,2,7,4,4,5,2,2,1
14/07/2020 08:16,14/07/2020 08:22,0,100,322,1,14/07/2020 08:22,R_2xKmhQ8VNQfRzh5,anonymous,EN,1,2,31,1,1,1,1,1,5,40,1,5,4,4,1,1,1,1,1,2,1,1,1,7,4,1,1,1,1,1,1,1,5,2,4,3,2,3,1
14/07/2020 08:14,14/07/2020 08:22,0,100,445,1,14/07/2020 08:22,R_T0WZuIGSp0CWNwt,anonymous,EN,1,1,23,6,1,1,1,1,6,61,8,3,6,2,1,1,1,2,1,3,1,1,1,7,2,1,3,2,2,1,1,2,6,2,1,1,5,3,2
14/07/2020 08:12,14/07/2020 08:22,0,100,613,1,14/07/2020 08:22,R_ZxJcrBRjexN6QAF,anonymous,EN,1,2,26,1,1,2,1,1,6,90,4,6,1,5,1,1,1,1,2,2,3,4,2,5,3,3,3,1,1,1,1,1,7,4,1,2,2,1,1
14/07/2020 08:17,14/07/2020 08:22,0,100,298,1,14/07/2020 08:22,R_1IiqnCeggim1WV6,anonymous,EN,1,2,23,1,1,3,2,1,6,62,10,6,6,4,1,1,1,1,1,1,1,1,1,7,1,1,1,1,1,1,1,1,7,1,3,1,1,1,1
14/07/2020 08:15,14/07/2020 08:22,0,100,429,1,14/07/2020 08:22,R_3HXN2guHjb1k4pb,anonymous,EN,1,2,28,1,1,1,1,0,5,31,2,6,1,3,1,1,1,1,1,1,1,1,1,7,1,1,1,1,1,1,1,1,7,1,2,1,1,1,1
14/07/2020 08:09,14/07/2020 08:22,0,100,780,1,14/07/2020 08:22,R_3qDvFVvud3h8E5B,anonymous,EN,1,2,21,1,1,1,1,1,6,81,8,6,1,4,1,1,1,1,1,2,6,5,2,7,2,1,1,1,1,1,1,1,7,1,1,1,1,2,1
14/07/2020 08:13,14/07/2020 08:22,0,100,569,1,14/07/2020 08:22,R_1q2L5SYZDtUm3gt,anonymous,EN,1,2,24,1,1,1,1,1,6,41,5,6,3,3,1,1,2,1,1,5,5,1,5,7,1,1,1,3,3,1,1,6,7,2,1,2,1,1,1
14/07/2020 08:16,14/07/2020 08:22,0,100,396,1,14/07/2020 08:22,R_6s9jj8Vi4vaB1At,anonymous,EN,1,2,18,4,2,1,1,1,7,70,4,6,1,4,1,1,1,1,1,1,4,1,1,7,1,1,1,1,1,1,1,1,7,1,1,1,1,1,1
14/07/2020 08:06,14/07/2020 08:22,0,100,942,1,14/07/2020 08:22,R_1n7yLtSeRylCDrH,anonymous,EN,1,1,43,5,1,1,1,0,5,45,0,5,4,4,1,4,2,5,4,2,4,3,6,6,4,1,1,1,1,1,1,2,7,4,5,5,1,2,1
14/07/2020 08:12,14/07/2020 08:22,0,100,638,1,14/07/2020 08:22,R_2upNOEJE3Agg4e3,anonymous,EN,1,1,23,5,1,1,1,1,4,10,0,4,5,3,2,2,1,2,2,2,5,4,6,6,2,2,2,2,2,2,2,2,2,2,2,2,2,2,2
14/07/2020 08:15,14/07/2020 08:22,0,100,426,1,14/07/2020 08:22,R_3FR1knh8Yeq8KZG,anonymous,EN,1,2,27,1,1,1,1,1,7,94,2,5,2,3,1,5,5,5,1,6,7,1,6,6,6,5,5,4,4,5,4,6,4,4,6,5,6,5,6
14/07/2020 08:13,14/07/2020 08:22,0,100,549,1,14/07/2020 08:22,R_3p4QhkayHOl0KiW,anonymous,EN,1,1,29,1,1,1,1,1,6,71,2,6,3,3,1,1,1,1,2,2,1,1,1,6,2,1,1,2,1,1,1,1,6,1,2,1,1,1,1
14/07/2020 08:15,14/07/2020 08:23,0,100,481,1,14/07/2020 08:23,R_2qw1SSnuMO0q32X,anonymous,EN,1,2,20,4,1,2,0,1,5,60,2,6,1,4,1,1,1,1,1,2,5,2,1,7,3,1,1,1,1,1,1,1,7,1,1,1,1,2,1
14/07/2020 08:17,14/07/2020 08:23,0,100,323,1,14/07/2020 08:23,R_xD8bDuGsA03lWBb,anonymous,EN,1,2,30,5,2,1,1,1,1,77,7,5,2,2,5,4,5,5,4,5,5,5,6,5,5,6,5,5,6,6,5,5,6,5,5,4,5,5,4
14/07/2020 08:14,14/07/2020 08:23,0,100,522,1,14/07/2020 08:23,R_3HtcEXtYNkfMtSI,anonymous,EN,1,2,27,1,2,1,1,1,7,91,3,6,5,5,1,1,1,1,1,1,3,2,1,7,2,1,1,1,1,1,1,1,7,1,2,1,1,1,1
14/07/2020 08:14,14/07/2020 08:23,0,100,498,1,14/07/2020 08:23,R_2bH7BpfeYQT83RW,anonymous,EN,1,1,26,1,1,1,1,1,7,92,5,7,2,4,1,1,1,1,1,6,6,4,2,5,2,2,1,1,1,1,1,4,5,4,2,2,2,2,1
14/07/2020 08:12,14/07/2020 08:23,0,100,614,1,14/07/2020 08:23,R_2U60xrnc6oXDCLQ,anonymous,EN,1,2,31,1,1,1,1,0,6,50,1,5,4,5,1,1,1,1,1,5,3,4,6,7,6,1,2,1,1,1,1,5,6,5,4,5,1,2,1
14/07/2020 08:12,14/07/2020 08:23,0,100,661,1,14/07/2020 08:23,R_23WF4P5dQG9joHJ,anonymous,EN,1,2,51,1,1,2,1,1,6,81,3,7,5,3,5,5,1,6,2,4,6,2,5,7,4,1,1,1,1,1,1,2,7,4,4,4,4,4,2
14/07/2020 08:08,14/07/2020 08:23,0,100,923,1,14/07/2020 08:23,R_2w7fePlJ3gUb6wV,anonymous,EN,1,2,33,1,1,1,1,1,6,80,7,5,4,3,2,1,1,1,1,2,2,1,2,7,2,1,1,1,1,1,1,2,7,4,2,4,1,2,1
14/07/2020 08:15,14/07/2020 08:23,0,100,494,1,14/07/2020 08:23,R_1QhhFKU5J6LKknn,anonymous,EN,1,2,27,1,1,1,1,0,5,70,0,6,1,5,1,1,1,1,2,1,2,1,5,7,1,1,1,5,1,1,1,3,7,4,5,3,3,3,1
14/07/2020 08:13,14/07/2020 08:23,0,100,584,1,14/07/2020 08:23,R_3iOplfJGrm9Wpei,anonymous,EN,1,2,32,1,2,3,2,1,6,80,10,6,1,5,1,1,1,1,1,2,1,2,1,7,2,1,1,1,1,1,1,1,7,2,2,2,1,3,1
14/07/2020 08:08,14/07/2020 08:23,0,100,908,1,14/07/2020 08:23,R_2zih7uTMw5oq7Fl,anonymous,EN,1,2,25,1,1,2,1,1,5,25,3,3,4,4,1,1,1,1,2,5,5,3,7,7,5,2,1,1,1,1,1,2,7,2,2,2,2,2,1
14/07/2020 08:11,14/07/2020 08:24,0,100,729,1,14/07/2020 08:24,R_SUypFhHgtmEDIZP,anonymous,EN,1,1,,5,1,1,1,0,5,30,4,6,6,3,5,1,1,1,1,1,1,1,1,4,1,1,7,6,6,1,1,7,7,3,4,3,4,3,2
14/07/2020 08:18,14/07/2020 08:24,0,100,372,1,14/07/2020 08:24,R_wLYTmUJkHk0i5vH,anonymous,EN,1,3,22,1,3,2,2,1,6,60,2,6,1,4,1,1,1,1,1,2,1,1,1,7,2,2,1,1,1,1,1,1,7,1,2,1,1,1,1
14/07/2020 08:15,14/07/2020 08:24,0,100,550,1,14/07/2020 08:24,R_2WTHaaZz9ys1NLr,anonymous,EN,1,2,24,1,1,2,1,1,6,73,10,6,1,4,2,1,1,1,1,1,1,1,5,6,1,1,1,1,1,1,1,1,7,1,3,2,1,2,1
14/07/2020 08:18,14/07/2020 08:24,0,100,371,1,14/07/2020 08:24,R_Ug5qNDyw6L3eZWh,anonymous,EN,1,2,21,1,1,2,2,1,6,34,10,6,1,5,1,1,1,1,1,1,1,4,1,7,4,1,1,1,1,1,1,1,7,1,1,1,1,1,1
14/07/2020 08:15,14/07/2020 08:24,0,100,545,1,14/07/2020 08:24,R_2ves4pl0frd61SD,anonymous,EN,1,2,44,1,1,1,1,0,3,75,0,3,5,2,4,2,3,5,2,6,5,6,4,5,6,4,2,2,1,1,1,5,4,4,3,3,1,5,2
14/07/2020 08:17,14/07/2020 08:24,0,100,421,1,14/07/2020 08:24,R_3R7ywa57md43Wig,anonymous,EN,1,2,,1,1,1,1,1,4,49,6,6,4,3,2,1,1,2,1,2,1,2,1,6,2,1,1,1,1,1,1,1,7,1,2,2,1,1,1
14/07/2020 08:09,14/07/2020 08:24,0,100,891,1,14/07/2020 08:24,R_2EhJPfDYCU8AwTO,anonymous,EN,1,2,23,1,1,1,1,0,6,90,2,6,5,3,1,1,1,2,1,2,1,1,1,5,4,4,4,4,5,1,1,3,7,3,4,4,4,4,1
14/07/2020 07:58,14/07/2020 08:24,0,100,1585,1,14/07/2020 08:24,R_3Ms2JKqZL2jPJRK,anonymous,EN,1,1,44,1,1,1,1,0,5,50,0,3,6,3,4,1,5,4,2,5,2,4,4,7,2,1,3,1,1,1,1,2,7,4,4,4,4,4,2
14/07/2020 08:08,14/07/2020 08:24,0,100,1008,1,14/07/2020 08:24,R_26lPYx2sU1UWVwR,anonymous,EN,1,2,30,1,1,2,1,0,4,50,2,3,7,2,5,3,4,6,1,6,1,4,1,5,3,1,2,5,4,3,1,7,7,7,7,7,5,7,6
14/07/2020 08:07,14/07/2020 08:25,0,100,1075,1,14/07/2020 08:25,R_2zjquYJ1WWbScQP,anonymous,EN,1,2,21,1,1,1,1,1,6,75,3,6,3,4,2,1,3,1,1,2,4,3,2,6,1,1,1,1,1,1,1,1,7,1,3,1,4,2,1
14/07/2020 08:14,14/07/2020 08:25,0,100,674,1,14/07/2020 08:25,R_2YR5MI1MgWp8IiQ,anonymous,EN,1,1,43,1,1,1,1,0,4,50,0,4,4,3,1,1,1,1,1,1,1,1,1,6,2,1,1,1,1,1,1,2,5,4,4,2,2,2,1
14/07/2020 08:13,14/07/2020 08:25,0,100,693,1,14/07/2020 08:25,R_pFc2EWIwhWfqtR7,anonymous,EN,1,2,37,1,2,3,2,1,6,78,1,6,1,3,1,1,1,1,1,4,2,2,1,7,4,1,1,1,1,1,1,4,5,2,1,1,1,1,1
14/07/2020 08:16,14/07/2020 08:25,0,100,543,1,14/07/2020 08:25,R_2D1Fuv9KHlg8OHc,anonymous,EN,1,2,25,1,1,1,1,1,6,80,2,6,3,4,5,1,1,2,1,3,3,3,2,6,1,1,1,1,1,1,1,4,7,3,5,3,3,3,1
14/07/2020 08:16,14/07/2020 08:25,0,100,567,1,14/07/2020 08:25,R_3qJQV6E6Nr5fZAd,anonymous,EN,1,2,27,1,1,3,1,0,4,82,0,5,5,3,1,1,1,5,4,1,5,3,3,6,6,2,1,1,1,1,1,3,7,5,5,5,4,5,1
14/07/2020 08:16,14/07/2020 08:25,0,100,554,1,14/07/2020 08:25,R_DvnIXsny12Ee1qh,anonymous,EN,1,2,41,1,1,1,1,0,6,70,0,6,1,4,1,1,1,2,1,2,1,1,1,5,1,1,1,1,1,1,1,2,7,2,3,2,2,1,1
14/07/2020 08:14,14/07/2020 08:25,0,100,693,1,14/07/2020 08:25,R_2xEF1jLDxeHHIEs,anonymous,EN,1,1,22,1,1,1,1,0,5,45,0,5,6,2,5,2,2,3,6,5,4,6,3,7,3,1,4,2,2,2,2,2,6,5,5,4,3,5,3
14/07/2020 08:03,14/07/2020 08:26,0,100,1365,1,14/07/2020 08:26,R_3isU9HoUSsNYlC3,anonymous,EN,1,2,22,1,1,2,1,1,6,75,3,7,2,5,1,1,1,2,1,5,1,2,1,7,2,1,3,2,1,2,1,3,7,1,1,2,5,1,1
14/07/2020 08:12,14/07/2020 08:26,0,100,827,1,14/07/2020 08:26,R_22mqbeQ9Hf8AKbl,anonymous,EN,1,2,45,1,1,1,1,0,3,42,0,4,5,3,1,1,1,1,1,2,1,2,2,6,1,1,1,1,2,4,1,4,7,4,5,4,2,4,3
14/07/2020 08:14,14/07/2020 08:26,0,100,703,1,14/07/2020 08:26,R_2OPj9867r6vhtjw,anonymous,EN,1,2,31,1,1,1,1,1,6,80,2,6,4,3,2,2,1,3,1,5,6,4,4,7,2,2,2,2,1,1,1,2,7,4,5,4,2,2,4
14/07/2020 08:03,14/07/2020 08:26,0,100,1390,1,14/07/2020 08:26,R_riEZgpwkhrKCUVP,anonymous,EN,1,2,41,1,1,1,1,1,6,29,0,6,4,4,1,1,1,1,1,2,1,1,1,7,2,1,1,1,1,1,1,2,7,2,2,1,1,2,1
14/07/2020 08:13,14/07/2020 08:26,0,100,799,1,14/07/2020 08:26,R_3ixLNXu1wA7hZBP,anonymous,EN,1,2,,1,1,3,1,0,4,60,0,4,4,3,4,1,2,1,5,5,3,4,1,6,2,3,3,1,1,1,1,6,6,2,1,2,1,4,2
14/07/2020 08:08,14/07/2020 08:26,0,100,1066,1,14/07/2020 08:26,R_2zbYItepYIUo0hM,anonymous,EN,1,1,21,1,1,1,2,1,6,50,2,2,4,2,2,4,2,5,3,6,7,5,5,6,4,4,2,1,1,1,1,7,6,5,5,5,4,4,3
14/07/2020 08:17,14/07/2020 08:26,0,100,561,1,14/07/2020 08:26,R_3GDPdeGdqPqmLvv,anonymous,EN,1,2,35,1,1,1,1,1,6,81,6,6,1,5,1,1,1,1,2,2,3,2,3,7,1,1,1,1,1,1,1,2,7,1,1,1,1,1,1
14/07/2020 08:12,14/07/2020 08:26,0,100,841,1,14/07/2020 08:26,R_Z44KvgrFLM0mWch,anonymous,EN,1,2,31,1,1,1,1,0,5,71,2,5,4,2,1,1,1,5,2,5,5,2,4,4,4,4,4,1,2,4,1,2,7,4,5,4,4,4,4
14/07/2020 08:13,14/07/2020 08:26,0,100,775,1,14/07/2020 08:26,R_1OCbaSX0hewWy6w,anonymous,EN,1,1,33,1,1,1,1,0,6,40,0,6,4,4,1,1,1,1,2,6,5,4,5,7,5,2,4,5,2,1,1,5,7,3,3,2,3,2,1
14/07/2020 08:15,14/07/2020 08:26,0,100,674,1,14/07/2020 08:26,R_XFya9Y9xbTgHJbb,anonymous,EN,1,2,31,1,1,1,1,1,7,40,2,7,5,5,1,1,1,1,1,1,7,1,1,7,5,1,1,1,1,1,1,1,7,1,6,1,1,1,1
14/07/2020 08:10,14/07/2020 08:26,0,100,992,1,14/07/2020 08:26,R_2XiCtqh1tvhUDXO,anonymous,EN,1,2,25,5,1,1,1,1,7,100,8,7,1,5,1,1,1,1,1,1,1,1,1,7,1,2,2,2,1,1,1,1,7,2,2,1,1,1,1
14/07/2020 08:14,14/07/2020 08:26,0,100,736,1,14/07/2020 08:26,R_1IGGZpNGEaDjo1G,anonymous,EN,1,1,37,1,3,1,1,1,6,75,3,7,4,4,2,5,1,4,2,5,7,4,6,5,1,1,2,2,2,1,1,1,7,1,1,1,1,2,1
14/07/2020 08:18,14/07/2020 08:27,0,100,539,1,14/07/2020 08:27,R_2TvmlVDQxhAsDS7,anonymous,EN,1,2,19,1,1,1,1,0,2,76,0,5,2,4,2,1,1,3,2,3,5,4,4,7,4,4,2,2,1,1,1,2,7,2,2,1,1,1,1
14/07/2020 08:14,14/07/2020 08:27,0,100,775,1,14/07/2020 08:27,R_3IaYuv5bbjyyhuP,anonymous,EN,1,6,28,1,4,2,1,1,7,80,10,7,1,3,1,1,1,1,1,1,2,1,2,7,1,1,1,1,1,1,1,1,7,1,1,1,1,1,1
14/07/2020 07:57,14/07/2020 08:27,0,100,1783,1,14/07/2020 08:27,R_3G1BUCoXdpoBYuj,anonymous,EN,1,2,37,1,1,3,1,1,7,100,10,6,2,5,1,1,1,2,1,1,6,2,5,7,1,1,1,1,1,1,1,2,7,2,4,2,1,4,1
14/07/2020 08:13,14/07/2020 08:27,0,100,824,1,14/07/2020 08:27,R_2vf6jJvkhol7JMf,anonymous,EN,1,1,33,1,1,2,2,0,4,90,0,5,5,1,3,2,2,2,3,5,4,4,4,3,4,4,4,3,3,3,3,5,7,4,4,4,4,4,4
14/07/2020 08:21,14/07/2020 08:27,0,100,367,1,14/07/2020 08:27,R_1FgFAvKl21SfQVb,anonymous,EN,1,2,33,1,1,2,1,1,6,80,5,6,1,5,1,1,1,1,1,1,4,2,2,6,2,1,1,2,1,1,1,2,7,2,2,1,1,2,1
14/07/2020 08:16,14/07/2020 08:27,0,100,668,1,14/07/2020 08:27,R_2S2X22U7iKdXwFS,anonymous,EN,1,2,26,1,1,1,1,1,6,85,5,7,1,5,1,1,1,1,1,4,2,2,1,7,2,1,1,1,1,1,1,1,7,1,1,1,1,1,1
14/07/2020 08:17,14/07/2020 08:27,0,100,614,1,14/07/2020 08:27,R_2sYcJkeUctpl3OO,anonymous,EN,1,1,18,1,1,1,1,0,5,30,1,4,5,3,2,4,3,5,1,5,2,5,5,7,4,3,2,2,1,1,1,2,1,2,1,2,4,5,4
14/07/2020 08:16,14/07/2020 08:27,0,100,679,1,14/07/2020 08:27,R_2t04wrK2AWn9bDB,anonymous,EN,1,2,31,1,1,1,1,1,6,90,2,7,2,5,2,1,1,1,2,1,4,2,1,7,2,1,1,1,1,1,1,2,7,1,1,1,1,2,1
14/07/2020 08:18,14/07/2020 08:28,0,100,606,1,14/07/2020 08:28,R_3nkg2iQv6Ignrgi,anonymous,EN,1,1,19,1,1,1,1,0,5,10,4,5,1,4,1,1,1,4,1,2,5,5,2,6,6,2,1,1,1,1,1,2,4,3,3,2,1,5,1
14/07/2020 08:16,14/07/2020 08:28,0,100,692,1,14/07/2020 08:28,R_1lzrQwhnZPtxV0P,anonymous,EN,1,1,18,5,1,1,1,0,4,20,0,6,5,3,4,3,1,5,4,5,4,4,4,7,4,1,1,1,1,2,1,6,7,4,5,4,2,6,1
14/07/2020 08:17,14/07/2020 08:28,0,100,621,1,14/07/2020 08:28,R_3fuQwvEMnkPc0CR,anonymous,EN,1,2,29,1,2,2,1,1,6,80,2,6,2,5,1,1,1,1,5,1,4,5,4,6,6,1,1,1,1,1,1,5,7,1,5,1,1,4,1
14/07/2020 08:16,14/07/2020 08:28,0,100,708,1,14/07/2020 08:28,R_1PRWVlqyK1DYMoX,anonymous,EN,1,1,,4,1,1,1,0,5,65,0,5,5,3,1,1,1,5,1,5,1,1,1,5,1,1,1,1,1,1,1,3,7,1,3,3,3,2,1
14/07/2020 08:03,14/07/2020 08:28,0,100,1497,1,14/07/2020 08:28,R_3GuYNt0LRLYNiKL,anonymous,EN,1,1,32,1,1,1,1,0,2,95,0,1,4,2,3,5,1,6,4,5,5,4,5,6,4,2,4,1,1,2,1,6,2,5,7,5,4,6,3
14/07/2020 08:17,14/07/2020 08:28,0,100,678,1,14/07/2020 08:28,R_396NgJcyonT6MSZ,anonymous,EN,1,2,40,1,1,1,1,0,4,61,5,3,5,3,5,3,4,4,2,5,3,5,2,5,5,5,5,3,2,3,4,3,4,3,4,4,3,4,3
14/07/2020 08:17,14/07/2020 08:28,0,100,665,1,14/07/2020 08:28,R_3EcmjQTuTPfvVuH,anonymous,EN,1,2,50,1,1,2,1,0,5,50,3,5,4,3,5,1,2,2,1,5,2,1,5,7,1,1,1,5,1,1,1,5,7,5,5,5,4,5,2
14/07/2020 08:17,14/07/2020 08:28,0,100,687,1,14/07/2020 08:28,R_1pXK9yJbR1KZMSl,anonymous,EN,1,2,32,1,1,1,1,1,6,80,5,6,2,4,1,1,1,1,1,1,4,2,1,7,1,1,1,1,1,1,1,1,6,4,4,1,1,1,1
14/07/2020 08:17,14/07/2020 08:28,0,100,661,1,14/07/2020 08:28,R_2zBEw6j3h4h1S1Q,anonymous,EN,1,1,25,1,1,3,2,0,5,60,2,6,5,5,6,1,1,5,2,3,2,3,3,6,1,1,2,1,1,1,1,3,7,4,5,3,2,5,1
14/07/2020 08:13,14/07/2020 08:29,0,100,916,1,14/07/2020 08:29,R_snC6yl4xzUUpOff,anonymous,EN,1,1,24,4,2,2,1,0,2,60,0,3,5,1,3,3,4,3,5,7,5,5,6,5,5,2,3,6,3,3,2,5,7,6,5,5,5,5,4
14/07/2020 08:11,14/07/2020 08:29,0,100,1046,1,14/07/2020 08:29,R_UbaXXABlCPhZlhT,anonymous,EN,1,1,42,1,1,1,1,0,3,50,0,5,6,2,3,5,6,6,2,6,7,6,6,4,3,1,2,3,2,1,1,3,7,4,5,5,2,4,2
14/07/2020 08:18,14/07/2020 08:29,0,100,670,1,14/07/2020 08:29,R_27jMycGAecEL4wl,anonymous,EN,1,1,21,4,2,0,1,1,6,93,6,6,2,5,1,1,1,5,1,4,3,5,4,7,5,2,1,1,1,1,1,1,7,1,5,4,1,5,4
14/07/2020 08:16,14/07/2020 08:29,0,100,767,1,14/07/2020 08:29,R_1QEG51uQf5kdscx,anonymous,EN,1,1,21,1,2,2,2,0,5,85,0,5,4,4,2,1,1,1,2,5,6,4,4,6,3,1,1,1,1,1,1,1,6,2,2,2,2,3,1
14/07/2020 08:16,14/07/2020 08:29,0,100,781,1,14/07/2020 08:29,R_1o8fdEwKtSin30q,anonymous,EN,1,2,23,1,4,1,1,1,6,90,9,6,1,5,1,1,1,1,1,1,6,4,4,7,2,1,1,1,1,1,1,1,7,1,1,1,4,2,1
14/07/2020 08:14,14/07/2020 08:29,0,100,928,1,14/07/2020 08:29,R_3KCHMZE1wdq6wG1,anonymous,EN,1,2,25,1,1,1,1,0,3,42,0,5,5,4,5,2,3,4,4,5,4,5,4,5,5,2,3,3,1,1,1,6,6,4,5,4,4,4,5
14/07/2020 08:06,14/07/2020 08:29,0,100,1393,1,14/07/2020 08:29,R_Q0rKQ6EPjdtV0s1,anonymous,EN,1,2,38,1,1,1,2,1,6,82,5,6,4,4,3,1,1,1,1,1,4,4,4,6,1,1,1,1,1,1,1,2,7,2,2,2,1,2,1
14/07/2020 08:18,14/07/2020 08:29,0,100,692,1,14/07/2020 08:29,R_3nJIB0VrYgBeQFG,anonymous,EN,1,1,41,1,5,0,0,1,5,30,2,4,5,3,5,3,2,3,1,1,6,4,4,6,7,5,7,1,1,1,1,5,7,3,3,3,3,5,4
14/07/2020 08:19,14/07/2020 08:29,0,100,624,1,14/07/2020 08:29,R_2v6N9DcEuofhUor,anonymous,EN,1,2,32,1,2,2,1,1,7,94,3,7,1,5,1,1,1,1,1,2,3,2,2,7,2,1,1,1,1,1,1,1,7,2,2,2,1,2,1
14/07/2020 08:14,14/07/2020 08:30,0,100,920,1,14/07/2020 08:30,R_2OIuo2irjSWDAts,anonymous,EN,1,2,21,1,4,2,1,1,6,100,1,6,3,4,1,1,1,1,1,2,6,5,4,7,1,1,1,1,1,1,1,7,7,1,2,1,1,2,1
14/07/2020 08:14,14/07/2020 08:30,0,100,962,1,14/07/2020 08:30,R_3RyEoxugusNSOni,anonymous,EN,1,2,50,1,1,1,1,1,6,70,2,6,5,3,5,5,2,6,1,1,7,2,6,6,5,2,4,1,1,1,1,2,1,2,1,2,1,4,2
14/07/2020 08:17,14/07/2020 08:30,0,100,748,1,14/07/2020 08:30,R_eyUshZgfmEDzk7n,anonymous,EN,1,2,20,1,1,2,1,1,5,70,5,6,4,3,1,1,1,1,2,2,4,4,2,7,4,1,1,1,1,1,1,1,7,4,4,3,2,5,1
14/07/2020 08:15,14/07/2020 08:30,0,100,903,1,14/07/2020 08:30,R_0xIiqzcb7LxtSxj,anonymous,EN,1,2,25,1,1,1,1,0,5,50,3,4,5,4,2,1,1,1,5,4,5,4,7,7,4,1,1,1,1,1,1,3,6,4,4,4,1,4,1
14/07/2020 08:15,14/07/2020 08:30,0,100,918,1,14/07/2020 08:30,R_38Bu9hyrcVhmM81,anonymous,EN,1,2,25,1,1,1,1,1,5,27,3,6,2,3,1,1,1,1,2,4,5,3,4,7,2,2,3,2,1,1,1,2,6,2,2,1,1,2,2
14/07/2020 08:16,14/07/2020 08:30,0,100,855,1,14/07/2020 08:30,R_2aEalRyH4ABNQHZ,anonymous,EN,1,1,28,5,3,1,1,0,3,30,1,5,5,4,6,2,2,2,2,6,6,6,6,6,3,2,4,5,5,2,2,5,5,4,5,5,5,5,3
14/07/2020 08:14,14/07/2020 08:31,0,100,1021,1,14/07/2020 08:31,R_1JIoeiHyUMblzbX,anonymous,EN,1,1,20,1,1,2,1,1,5,30,1,5,5,3,4,3,1,5,3,6,5,6,2,4,1,1,1,2,1,1,1,4,2,4,3,4,4,4,1
14/07/2020 08:18,14/07/2020 08:31,0,100,812,1,14/07/2020 08:31,R_3QYiZHvNGEYfHLj,anonymous,EN,1,2,23,1,1,1,1,1,6,65,2,6,3,4,2,1,1,1,1,2,5,2,5,7,2,1,3,1,1,1,1,4,6,1,4,1,1,1,1
14/07/2020 08:17,14/07/2020 08:31,0,100,846,1,14/07/2020 08:31,R_OMTVsl8AxfAmOIh,anonymous,EN,1,1,54,1,1,1,1,1,6,75,1,6,5,4,1,5,1,5,1,5,4,2,6,7,1,1,1,1,1,1,1,5,7,1,5,2,1,4,2
14/07/2020 08:17,14/07/2020 08:32,0,100,864,1,14/07/2020 08:32,R_vriY4TnqoKhaW6l,anonymous,EN,1,1,36,1,3,1,1,0,2,70,0,5,4,2,1,1,1,3,4,5,5,4,4,7,1,1,1,1,1,1,1,1,4,2,2,2,2,2,1
14/07/2020 08:12,14/07/2020 08:32,0,100,1182,1,14/07/2020 08:32,R_1kRXwDqeATBIrZL,anonymous,EN,1,2,33,5,1,1,1,0,6,59,5,6,6,4,6,6,7,7,6,7,6,2,7,7,2,1,6,3,7,1,1,6,6,2,2,5,3,1,3
14/07/2020 08:15,14/07/2020 08:32,0,100,1030,1,14/07/2020 08:32,R_1Ii0bXpgFyhHspq,anonymous,EN,1,2,21,1,1,2,1,1,6,70,3,6,2,3,2,1,1,1,1,5,6,2,4,2,3,1,1,1,1,1,1,1,6,2,2,4,1,4,1
14/07/2020 08:15,14/07/2020 08:32,0,100,1040,1,14/07/2020 08:32,R_2zPfZo3fpRwYPZr,anonymous,EN,1,1,26,6,1,2,1,0,5,60,0,3,3,3,3,2,4,5,5,3,7,5,3,6,5,1,2,3,2,1,1,7,7,5,5,4,4,5,3
14/07/2020 08:15,14/07/2020 08:32,0,100,1036,1,14/07/2020 08:32,R_bI2GMycyyOMZpbb,anonymous,EN,1,2,35,1,1,1,1,0,3,60,0,5,4,3,3,1,1,6,3,5,4,4,4,6,2,3,1,2,2,1,1,5,7,4,4,4,4,4,1
14/07/2020 08:14,14/07/2020 08:33,0,100,1117,1,14/07/2020 08:33,R_AiCnOKxMJmhf15v,anonymous,EN,1,1,24,11,1,1,1,0,2,75,0,2,6,2,6,3,5,5,2,3,1,3,2,7,5,2,2,2,1,2,1,2,6,3,5,3,2,2,3
14/07/2020 08:17,14/07/2020 08:33,0,100,970,1,14/07/2020 08:33,R_WDy5X9SJS0qUOUV,anonymous,EN,1,1,37,14,1,2,1,0,3,70,0,3,6,4,5,1,1,2,2,3,2,3,3,5,3,1,1,1,1,1,1,2,6,4,3,3,3,2,3
14/07/2020 08:17,14/07/2020 08:33,0,100,978,1,14/07/2020 08:33,R_2iyy49BELDEI1Tr,anonymous,EN,1,2,34,1,1,1,1,1,5,64,3,6,6,3,6,6,6,6,4,7,7,7,7,7,6,1,4,5,6,5,2,7,7,6,6,6,6,6,6
14/07/2020 08:17,14/07/2020 08:33,0,100,954,1,14/07/2020 08:33,R_2OHbOm953ZWc3GD,anonymous,EN,1,2,37,5,1,1,1,1,6,66,1,5,6,3,3,5,3,4,2,5,6,4,4,6,6,2,4,2,2,3,2,3,6,3,4,4,3,3,2
14/07/2020 08:14,14/07/2020 08:34,0,100,1201,1,14/07/2020 08:34,R_ypxRyZ6EPM2ZtND,anonymous,EN,1,1,35,5,1,1,1,1,5,70,1,6,5,3,2,3,1,5,2,6,1,2,4,7,2,1,3,1,1,1,1,1,6,3,1,1,1,1,1
14/07/2020 08:16,14/07/2020 08:34,0,100,1082,1,14/07/2020 08:34,R_3CJenqZmw7M13Kx,anonymous,EN,1,2,18,1,2,1,1,1,6,70,8,6,2,4,1,3,1,3,1,2,2,4,3,7,3,2,1,1,1,2,1,2,7,2,2,3,1,1,1
14/07/2020 08:15,14/07/2020 08:34,0,100,1101,1,14/07/2020 08:34,R_PRoV73SzoClTuzD,anonymous,EN,1,2,25,5,1,1,1,1,7,98,9,7,3,5,1,1,1,1,1,1,6,1,4,7,1,1,1,1,1,1,1,1,7,2,3,2,2,5,1
14/07/2020 08:16,14/07/2020 08:34,0,100,1060,1,14/07/2020 08:34,R_3PBmBa9Is6ubYjD,anonymous,EN,1,1,32,1,1,1,1,0,4,50,2,3,4,2,1,4,1,6,1,2,6,4,1,6,4,2,1,1,1,1,1,1,7,2,4,3,4,3,1
14/07/2020 08:15,14/07/2020 08:34,0,100,1154,1,14/07/2020 08:34,R_245YYq1MtX9aCxC,anonymous,EN,1,1,55,1,1,2,1,1,7,85,10,7,1,5,1,1,1,1,1,1,7,1,1,7,7,1,1,1,1,1,1,1,7,1,1,1,1,1,1
14/07/2020 08:27,14/07/2020 08:35,0,100,513,1,14/07/2020 08:35,R_1gc3FkrZh06iGBO,anonymous,EN,1,1,18,5,1,1,1,0,5,70,1,5,6,2,5,2,1,1,5,4,6,3,5,7,5,1,1,3,1,2,1,5,7,1,3,3,2,5,1
14/07/2020 08:17,14/07/2020 08:36,0,100,1100,1,14/07/2020 08:36,R_1FDFu0UwyHE8ydo,anonymous,EN,1,5,19,1,1,2,1,1,7,85,4,7,1,5,1,1,1,1,1,1,1,1,1,7,4,1,1,1,1,1,1,1,7,1,1,1,1,4,1
14/07/2020 08:04,14/07/2020 08:36,0,100,1896,1,14/07/2020 08:36,R_31hKVVxAReac2Eq,anonymous,EN,1,1,37,1,1,1,1,1,5,60,6,7,3,5,1,1,1,1,1,2,2,1,1,2,1,1,1,1,1,1,1,1,1,2,2,2,1,1,2
14/07/2020 08:15,14/07/2020 08:36,0,100,1257,1,14/07/2020 08:36,R_1OPph12kD6JomF2,anonymous,EN,1,2,64,2,1,1,1,0,4,31,1,4,5,2,4,1,2,1,2,2,1,2,1,3,1,1,1,1,2,1,1,3,7,4,4,4,2,4,2
14/07/2020 08:13,14/07/2020 08:37,0,100,1427,1,14/07/2020 08:37,R_0uN4PbA3KzUk0AV,anonymous,EN,1,1,20,5,1,1,1,0,4,50,8,3,4,3,1,4,4,5,4,6,6,1,1,7,4,1,3,1,1,1,1,7,7,4,6,5,1,6,1
14/07/2020 08:17,14/07/2020 08:38,0,100,1241,1,14/07/2020 08:38,R_1DFS80vFuY6qtn0,anonymous,EN,1,2,28,7,1,2,1,1,6,80,6,7,5,5,3,1,1,3,1,5,1,1,3,7,2,2,1,6,1,1,1,1,7,4,1,1,1,1,1
14/07/2020 08:20,14/07/2020 08:38,0,100,1080,1,14/07/2020 08:38,R_7Pa8gjTWKe9EgWl,anonymous,EN,1,2,40,1,1,1,1,0,5,95,0,3,6,2,6,1,1,6,5,5,5,4,2,5,1,1,4,7,6,1,1,7,7,7,6,7,5,2,1
14/07/2020 08:16,14/07/2020 08:38,0,100,1334,1,14/07/2020 08:38,R_2D09jCwBa4DA5V9,anonymous,EN,1,2,28,1,1,2,2,0,1,81,0,2,7,2,1,5,5,6,1,6,5,5,6,7,7,6,2,1,7,1,1,6,1,1,1,5,1,2,1
14/07/2020 08:22,14/07/2020 08:38,0,100,958,1,14/07/2020 08:38,R_21h4a6jMnvYvPFf,anonymous,EN,1,2,23,1,1,2,1,0,5,71,0,6,4,4,1,1,1,6,2,1,7,3,6,7,1,1,1,1,1,1,1,3,7,4,4,4,3,4,1
14/07/2020 08:16,14/07/2020 08:39,0,100,1371,1,14/07/2020 08:39,R_1guWm6i6mEs7Q78,anonymous,EN,1,2,25,1,1,1,1,0,5,77,0,5,5,3,1,1,1,1,2,2,7,5,5,7,5,2,1,1,1,1,1,3,7,3,2,2,1,2,2
14/07/2020 08:25,14/07/2020 08:40,0,100,888,1,14/07/2020 08:40,R_1Pd6uTWjWWBVTAO,anonymous,EN,1,1,21,1,1,1,1,0,2,95,0,2,7,1,7,7,5,7,5,7,2,2,3,4,5,7,7,6,4,3,3,6,1,7,7,7,7,7,7
14/07/2020 08:02,14/07/2020 08:40,0,100,2307,1,14/07/2020 08:40,R_1hROqHyedqXhKkI,anonymous,EN,1,2,29,1,3,3,1,1,6,10,3,7,1,5,1,1,1,1,1,1,1,2,1,7,1,1,1,1,1,1,1,1,7,1,1,1,1,1,1
14/07/2020 07:58,14/07/2020 08:44,0,100,2774,1,14/07/2020 08:44,R_3MQilTURGDAMSoX,anonymous,EN,1,1,28,10,1,2,1,1,5,60,3,6,6,3,4,4,2,5,2,3,4,3,1,2,3,3,3,1,5,5,3,1,1,2,5,1,2,2,3
14/07/2020 08:45,14/07/2020 08:49,0,100,261,1,14/07/2020 08:49,R_6hSe5Uvqr2rvmZr,anonymous,EN,1,2,21,10,1,1,1,1,3,57,9,6,1,4,1,1,1,1,1,2,1,1,1,6,1,1,1,1,1,1,1,1,7,1,1,1,1,4,1
14/07/2020 08:15,14/07/2020 08:52,0,100,2184,1,14/07/2020 08:52,R_2rqhYDmpgIKQAwr,anonymous,EN,1,1,24,12,1,0,2,1,6,55,6,5,5,3,5,1,1,2,5,5,6,5,5,7,4,1,1,1,1,1,1,1,1,4,4,4,2,4,2
14/07/2020 08:17,14/07/2020 08:54,0,100,2235,1,14/07/2020 08:54,R_R4seuH7kEIwGf05,anonymous,EN,1,1,19,1,1,1,3,1,6,40,5,5,1,5,7,1,1,4,3,1,1,1,6,7,2,1,2,1,1,1,1,7,7,4,7,4,2,5,4
14/07/2020 08:14,14/07/2020 08:55,0,100,2487,1,14/07/2020 08:55,R_1CC0nL4IBGyIpnC,anonymous,EN,1,2,,2,1,1,1,1,5,79,2,6,5,4,3,1,1,1,1,1,5,4,3,6,3,3,2,1,1,1,1,2,7,4,2,1,1,2,2
14/07/2020 08:10,14/07/2020 08:59,0,100,2931,1,14/07/2020 08:59,R_2fwbMcSwr7Keif5,anonymous,EN,1,1,38,1,1,1,1,0,3,82,3,5,6,2,5,4,5,6,6,6,7,3,5,4,4,1,2,5,7,4,1,7,4,6,7,3,1,5,4
14/07/2020 09:00,14/07/2020 09:08,0,100,497,1,14/07/2020 09:08,R_3KMxT1rXW8XhiVa,anonymous,EN,1,2,30,1,1,1,1,1,6,85,3,6,5,4,5,1,1,1,1,1,1,5,1,7,2,7,2,1,1,1,1,1,7,2,2,2,1,2,1
14/07/2020 08:17,14/07/2020 09:09,0,100,3152,1,14/07/2020 09:09,R_2Qu56V5tKCRFQlO,anonymous,EN,1,1,64,1,1,1,1,0,5,71,0,5,5,4,3,2,1,3,1,2,7,5,7,6,6,5,4,3,3,4,2,5,5,5,5,5,4,4,3
14/07/2020 09:00,14/07/2020 09:11,0,100,680,1,14/07/2020 09:11,R_3hzS9oEpkrjrG1r,anonymous,EN,1,2,32,1,1,1,1,0,5,75,0,5,3,5,1,1,1,1,1,3,1,1,1,6,1,1,1,1,1,1,1,5,7,3,5,2,1,2,1
14/07/2020 09:00,14/07/2020 09:13,0,100,794,1,14/07/2020 09:13,R_1C1sCPF2tSCj6ew,anonymous,EN,1,2,30,1,1,2,1,0,3,80,0,3,6,2,1,2,4,3,2,6,6,5,7,7,2,1,1,2,2,1,1,7,7,6,6,5,5,2,4
14/07/2020 09:12,14/07/2020 09:17,0,100,335,1,14/07/2020 09:17,R_2Pokco8pxlxrywr,anonymous,EN,1,1,20,1,1,1,1,1,6,75,5,6,5,3,2,2,1,3,2,4,2,4,4,6,2,2,2,1,1,1,1,2,7,4,5,4,2,6,4
14/07/2020 09:15,14/07/2020 09:23,0,100,489,1,14/07/2020 09:23,R_2vZiIClH7fpGE3b,anonymous,EN,1,1,34,1,1,2,2,0,2,100,0,2,4,1,5,2,1,5,1,2,3,5,2,3,4,5,3,3,1,1,1,4,1,5,7,5,1,1,3
14/07/2020 09:15,14/07/2020 09:26,0,100,668,1,14/07/2020 09:26,R_UPAL5TOJwUQhikp,anonymous,EN,1,1,30,1,1,1,1,1,4,1,1,5,3,4,1,1,1,1,1,3,4,4,2,6,4,1,1,1,1,1,1,1,6,4,2,4,1,2,1
14/07/2020 09:15,14/07/2020 09:32,0,100,1070,1,14/07/2020 09:32,R_2c0jmCU4FIIV1AK,anonymous,EN,1,1,51,1,1,1,1,0,4,51,0,5,4,2,2,5,2,6,2,6,7,7,7,6,4,4,1,1,1,1,1,1,7,4,4,4,4,5,4
14/07/2020 09:15,14/07/2020 09:37,0,100,1343,1,14/07/2020 09:37,R_ve3OS5Ty1yUwG9r,anonymous,EN,1,1,32,5,1,1,1,0,4,50,2,5,5,3,3,5,4,5,2,7,1,3,2,6,2,1,2,1,1,1,1,4,7,1,1,1,1,2,1
18/07/2020 07:55,18/07/2020 08:00,0,100,320,1,18/07/2020 08:00,R_1Nly14dgCqRSlEG,anonymous,EN,1,2,28,1,1,1,1,1,1,100,5,7,1,5,1,1,1,1,1,1,5,5,3,7,1,1,1,1,1,1,1,1,7,1,1,1,1,1,1
18/07/2020 07:55,18/07/2020 08:09,0,100,884,1,18/07/2020 08:09,R_x2ZfU4QwJecurYJ,anonymous,EN,1,1,24,14,2,1,1,1,6,75,2,4,5,2,5,5,2,6,4,6,7,6,6,7,6,4,2,2,2,2,1,6,6,4,4,4,4,5,2
14/07/2020 08:07,14/07/2020 08:10,0,63,201,0,21/07/2020 02:00,R_27Ne62CvMa9m0Hg,anonymous,EN,1,2,23,7,2,2,1,,,,,,,,,,,,,,,,,,,,,,,,,,,,,,,,
14/07/2020 08:17,14/07/2020 08:18,0,46,55,0,21/07/2020 02:00,R_sI0R8BkpdyY3zQB,anonymous,EN,1,2,28,14,1,0,0,,,,,,,,,,,,,,,,,,,,,,,,,,,,,,,,
14/07/2020 08:02,14/07/2020 08:21,0,96,1124,0,21/07/2020 02:00,R_2c0mgWTFxC1gQyD,anonymous,EN,1,1,27,1,1,2,2,0,4,70,0,6,5,2,5,4,5,6,6,6,5,6,2,6,5,1,5,3,5,3,1,7,7,5,5,5,5,5,4
14/07/2020 08:14,14/07/2020 08:17,0,46,130,0,21/07/2020 02:00,R_1EgJL0tbWBCFB4q,anonymous,EN,1,1,29,5,1,0,0,,,,,,,,,,,,,,,,,,,,,,,,,,,,,,,,
14/07/2020 08:17,14/07/2020 08:18,0,63,94,0,21/07/2020 02:00,R_QhyQ9JjRYuU8Svn,anonymous,EN,1,1,19,1,1,1,1,,,,,,,,,,,,,,,,,,,,,,,,,,,,,,,,
14/07/2020 08:17,14/07/2020 08:30,0,96,786,0,21/07/2020 02:00,R_vIawCF8coPKbYul,anonymous,EN,1,1,21,4,1,2,1,0,6,50,3,5,5,3,3,1,1,1,4,5,6,4,4,6,2,2,2,2,4,3,2,4,6,3,5,3,2,2,2
14/07/2020 07:58,14/07/2020 08:00,0,21,128,0,21/07/2020 02:01,R_saQjCkCF9YnxJ0l,anonymous,EN,1,,,,,,,,,,,,,,,,,,,,,,,,,,,,,,,,,,,,,,
14/07/2020 08:14,14/07/2020 08:29,0,96,902,0,21/07/2020 02:01,R_2P0QSyMMT7cItNW,anonymous,EN,1,2,22,12,1,2,1,1,7,92,8,7,1,5,1,1,1,1,1,1,2,2,4,1,3,1,1,1,1,1,1,1,7,1,1,1,1,1,1
14/07/2020 08:14,14/07/2020 08:15,0,46,37,0,21/07/2020 02:01,R_pPK529k9IAvDpGF,anonymous,EN,1,2,22,1,1,2,1,,,,,,,,,,,,,,,,,,,,,,,,,,,,,,,,
14/07/2020 08:12,14/07/2020 08:13,0,46,36,0,21/07/2020 02:01,R_2SIZEiM6QFkYiIE,anonymous,EN,1,1,,1,1,2,1,,,,,,,,,,,,,,,,,,,,,,,,,,,,,,,,
14/07/2020 05:01,14/07/2020 05:05,0,100,219,1,14/07/2020 05:05,R_3LcJdnhuUkcg6rf,anonymous,EN,1,1,18,1,1,1,1,1,6,56,9,6,6,4,1,1,1,1,1,3,5,1,5,7,2,1,3,1,1,1,1,1,7,3,3,3,2,5,1
14/07/2020 05:00,14/07/2020 05:05,0,100,303,1,14/07/2020 05:05,R_1dtArTs8VdGoASY,anonymous,EN,1,2,26,1,1,1,1,0,5,37,6,5,1,4,1,1,1,1,1,1,6,1,1,5,1,1,1,1,1,1,1,1,7,1,1,1,1,1,1
14/07/2020 05:00,14/07/2020 05:06,0,100,347,1,14/07/2020 05:06,R_Ahb6MMOecf45C6J,anonymous,EN,1,2,18,1,1,2,2,1,6,80,6,4,3,4,1,1,2,5,5,6,5,3,7,7,1,1,1,2,2,1,1,4,1,5,6,5,5,6,6
14/07/2020 05:04,14/07/2020 05:09,0,100,305,1,14/07/2020 05:09,R_da0nxveh105d17j,anonymous,EN,1,1,29,1,4,2,1,1,7,95,8,7,1,5,1,1,1,1,1,1,6,5,1,7,1,1,7,1,1,1,1,1,7,1,1,1,1,1,1
14/07/2020 05:03,14/07/2020 05:10,0,100,404,1,14/07/2020 05:10,R_3jd2bKy9B8FXQlY,anonymous,EN,1,2,19,1,1,2,1,1,6,76,2,5,5,4,5,2,1,5,5,5,6,6,6,7,6,4,2,3,1,1,1,3,5,3,4,6,3,3,1
14/07/2020 05:04,14/07/2020 05:11,0,100,390,1,14/07/2020 05:11,R_3jZj25lK9I5YZzK,anonymous,EN,1,1,23,1,1,1,1,0,2,73,,4,5,,1,1,1,2,3,3,2,3,3,5,6,,5,,2,2,2,2,5,4,3,4,3,3,2
14/07/2020 05:06,14/07/2020 05:12,0,100,361,1,14/07/2020 05:12,R_1dGhJGHrdyukszp,anonymous,EN,1,1,25,1,2,1,1,1,7,95,4,7,1,5,1,1,1,1,1,1,1,1,1,7,2,1,2,1,1,1,1,1,7,1,3,1,1,1,1
14/07/2020 05:05,14/07/2020 05:12,0,100,375,1,14/07/2020 05:12,R_3fiME77L5xGBtWr,anonymous,EN,1,1,,1,1,0,1,1,7,71,10,4,4,5,1,1,1,1,1,1,4,4,4,7,4,1,1,1,1,1,1,1,1,2,3,1,1,1,1
14/07/2020 05:03,14/07/2020 05:12,0,100,547,1,14/07/2020 05:12,R_Rz6p07we6mwhoR3,anonymous,EN,1,2,68,1,1,1,1,1,7,99,2,7,1,5,1,1,1,1,1,1,6,1,6,,1,1,1,1,1,1,1,1,7,1,1,1,1,1,1
14/07/2020 05:06,14/07/2020 05:12,0,100,347,1,14/07/2020 05:12,R_1FQIKIWsP7rjH9H,anonymous,EN,1,1,21,1,1,1,1,1,7,80,3,7,1,5,1,1,1,1,1,1,5,1,1,6,1,1,1,1,1,1,1,1,6,1,1,1,1,1,1
14/07/2020 05:01,14/07/2020 05:15,0,100,833,1,14/07/2020 05:15,R_3g0BGV4InPFPBHQ,anonymous,EN,1,2,38,1,1,1,1,1,6,60,0,6,6,2,3,1,1,3,3,5,5,3,3,5,3,3,3,2,1,1,1,1,7,3,2,3,2,1,1
14/07/2020 05:06,14/07/2020 05:17,0,100,633,1,14/07/2020 05:17,R_OqWD37JFwwqcGkN,anonymous,EN,1,2,24,1,1,2,1,0,5,57,4,5,5,2,5,1,1,1,2,5,6,3,5,6,6,2,3,1,1,1,1,2,7,5,5,5,2,5,1
14/07/2020 05:02,14/07/2020 05:17,0,100,906,1,14/07/2020 05:17,R_1DArnzCKxFP7nyb,anonymous,EN,1,1,27,1,1,2,1,1,6,69,5,5,2,4,2,2,2,2,2,4,5,3,5,7,4,1,4,1,1,1,1,2,4,4,4,4,2,4,1
14/07/2020 05:03,14/07/2020 05:17,0,100,819,1,14/07/2020 05:17,R_1jP7fhKJddYfCKj,anonymous,EN,1,1,27,1,1,2,2,1,6,80,2,6,4,4,3,1,1,1,3,1,6,5,5,5,5,1,1,7,2,1,1,5,6,4,4,3,2,2,1
14/07/2020 05:07,14/07/2020 05:17,0,100,642,1,14/07/2020 05:17,R_1dADvscZSSU0s5Q,anonymous,EN,1,2,30,1,1,2,1,1,6,75,5,6,1,4,1,1,1,1,1,,4,1,2,7,1,1,1,1,1,1,1,1,7,1,1,1,1,2,1
14/07/2020 05:05,14/07/2020 05:20,0,100,933,1,14/07/2020 05:20,R_3NIddYRsdmD065q,anonymous,EN,1,2,33,10,1,1,1,1,7,95,2,6,2,4,2,1,1,1,2,2,7,1,7,7,2,1,1,1,1,1,1,2,7,2,4,1,1,1,1
14/07/2020 05:10,14/07/2020 05:20,0,100,615,1,14/07/2020 05:20,R_1KrKw8BVEUyC63m,anonymous,EN,1,2,25,1,2,3,1,1,6,80,5,6,2,5,1,1,1,3,2,6,5,4,5,7,5,4,3,2,1,1,1,3,7,2,2,2,1,5,1
14/07/2020 05:03,14/07/2020 05:20,0,100,1063,1,14/07/2020 05:21,R_1lyEjlDKjy2u3ef,anonymous,EN,1,2,24,1,1,1,1,1,6,75,1,3,3,3,3,2,3,5,1,3,6,5,5,5,3,1,1,1,1,1,1,3,6,5,5,5,5,5,2
14/07/2020 05:12,14/07/2020 05:21,0,100,563,1,14/07/2020 05:21,R_3ktPDTFypdZixMy,anonymous,EN,1,2,24,1,5,2,1,1,6,68,4,6,3,5,1,1,1,1,1,3,4,1,1,7,1,1,1,1,1,1,1,1,7,1,1,1,1,2,1
14/07/2020 05:07,14/07/2020 05:47,0,100,2367,1,14/07/2020 05:47,R_3HSyaTHQGYbUj2I,anonymous,EN,1,1,20,5,1,2,1,0,3,70,,3,5,2,6,1,1,4,6,5,4,4,1,5,1,1,1,5,1,1,1,7,7,6,4,6,5,5,4
14/07/2020 05:49,14/07/2020 05:52,0,100,192,1,14/07/2020 05:52,R_21ukJEWgdJzJy7G,anonymous,EN,1,1,21,5,1,2,1,0,3,70,,3,5,2,5,1,1,1,6,5,1,4,1,5,1,1,1,5,1,1,1,6,7,6,5,6,5,4,4
